,0
0,665950.PRJNA40027:1211_1214;1214_1215;1217_1225
1,665950.PRJNA40027:1225_1226
2,665950.PRJNA40027:1102_1103;1161_1163
3,665950.PRJNA40027:1210_1211
4,665950.PRJNA40027:1178_1182
5,665950.PRJNA40027:1182_1184
6,665950.PRJNA40027:1184_1185
7,665950.PRJNA40027:1185_1186
8,665950.PRJNA40027:850_855
9,665950.PRJNA40027:857_858
10,665950.PRJNA40027:848_849
11,665950.PRJNA40027:849_850
12,665950.PRJNA40027:838_839
13,665950.PRJNA40027:839_840
14,665950.PRJNA40027:830_832;832_834;834_836;836_838;840_843;843_845
15,665950.PRJNA40027:856_857
16,665950.PRJNA40027:845_848
17,665950.PRJNA40027:451_452
18,665950.PRJNA40027:465_466
19,665950.PRJNA40027:460_461
20,665950.PRJNA40027:855_856
21,665950.PRJNA40027:2477_2480
22,665950.PRJNA40027:2480_2484
23,665950.PRJNA40027:472_473
24,665950.PRJNA40027:2757_2762;2762_2763
25,665950.PRJNA40027:2765_2768
26,665950.PRJNA40027:915_916
27,665950.PRJNA40027:916_917
28,665950.PRJNA40027:914_915
29,665950.PRJNA40027:623_624;627_628;644_646;646_649;649_651
30,665950.PRJNA40027:1_2;2_4
31,665950.PRJNA40027:5_7
32,665950.PRJNA40027:43_44;1806_1809
33,665950.PRJNA40027:886_888
34,665950.PRJNA40027:906_907
35,665950.PRJNA40027:910_911
36,665950.PRJNA40027:1800_1801
37,665950.PRJNA40027:1802_1805
38,665950.PRJNA40027:651_652;654_657
39,665950.PRJNA40027:1608_1609;1609_1610;1611_1612;1613_1615;3107_3109;3113_3114
40,665950.PRJNA40027:2476_2477
41,665950.PRJNA40027:3106_3107
42,665950.PRJNA40027:858_859
43,665950.PRJNA40027:2730_2731
44,665950.PRJNA40027:1490_1493
45,665950.PRJNA40027:911_913
46,665950.PRJNA40027:2371_2373;2373_2376
47,665950.PRJNA40027:159_162;162_163
48,665950.PRJNA40027:2376_2379
49,665950.PRJNA40027:919_922
50,665950.PRJNA40027:2631_2632
51,665950.PRJNA40027:163_164
52,665950.PRJNA40027:166_167
53,665950.PRJNA40027:2269_2270
54,665950.PRJNA40027:304_306
55,216816.PRJNA251950:156_157
56,216816.PRJNA251950:157_158
57,216816.PRJNA251950:1130_1132;1132_1133
58,216816.PRJNA251950:1336_1339
59,216816.PRJNA251950:1341_1342
60,216816.PRJNA251950:1668_1669
61,216816.PRJNA251950:1115_1117
62,216816.PRJNA251950:1450_1454
63,216816.PRJNA251950:1454_1455
64,216816.PRJNA251950:1455_1457
65,216816.PRJNA251950:1457_1459
66,216816.PRJNA251950:318_319
67,216816.PRJNA251950:2277_2278
68,216816.PRJNA251950:557_558;560_562
69,216816.PRJNA251950:2238_2240
70,216816.PRJNA251950:2256_2257
71,216816.PRJNA251950:2408_2412;2412_2420
72,216816.PRJNA251950:2406_2408
73,216816.PRJNA251950:645_646
74,216816.PRJNA251950:1802_1803
75,216816.PRJNA251950:1870_1871
76,216816.PRJNA251950:2128_2129
77,216816.PRJNA251950:11_12;12_13
78,216816.PRJNA251950:763_764
79,216816.PRJNA251950:765_766
80,216816.PRJNA251950:2379_2380
81,216816.PRJNA251950:1460_1462;1465_1466
82,216816.PRJNA251950:2019_2021;2021_2022
83,216816.PRJNA251950:41_43;43_44
84,216816.PRJNA251950:38_39;39_40
85,216816.PRJNA251950:500_501;503_504;504_505
86,216816.PRJNA251950:648_649;2403_2404
87,216816.PRJNA251950:514_515
88,216816.PRJNA251950:119_123;129_130;137_138
89,216816.PRJNA251950:1462_1465
90,216816.PRJNA251950:192_193
91,216816.PRJNA251950:625_627
92,216816.PRJNA251950:465_466
93,216816.PRJNA251950:2191_2192
94,216816.PRJNA251950:1927_1928
95,216816.PRJNA251950:97_99
96,216816.PRJNA251950:243_244
97,216816.PRJNA251950:2058_2062
98,216816.PRJNA251950:303_304
99,742722.PRJNA46367:1003_1004;1935_1936
100,742722.PRJNA46367:1936_1937
101,742722.PRJNA46367:242_243;884_885;1010_1012;1455_1457;1934_1935
102,742722.PRJNA46367:1012_1013
103,742722.PRJNA46367:311_312
104,742722.PRJNA46367:1780_1786
105,742722.PRJNA46367:695_696
106,742722.PRJNA46367:1706_1707
107,742722.PRJNA46367:777_778
108,742722.PRJNA46367:689_691
109,742722.PRJNA46367:1457_1458
110,742722.PRJNA46367:434_436
111,742722.PRJNA46367:407_408
112,742722.PRJNA46367:1792_1798
113,742722.PRJNA46367:128_129
114,742722.PRJNA46367:2055_2057
115,742722.PRJNA46367:2057_2062
116,742722.PRJNA46367:751_755;755_756
117,742722.PRJNA46367:255_256
118,742722.PRJNA46367:453_456
119,742722.PRJNA46367:472_476
120,742722.PRJNA46367:141_142
121,742722.PRJNA46367:2208_2210
122,742722.PRJNA46367:1890_1891
123,742722.PRJNA46367:677_681
124,742722.PRJNA46367:318_320
125,742722.PRJNA46367:1664_1670
126,742722.PRJNA46367:1886_1887
127,657313.PRJNA39169:1319_1320;1324_1327;1327_1328
128,657313.PRJNA39169:2164_2165;2165_2167
129,657313.PRJNA39169:478_480
130,657313.PRJNA39169:482_483
131,657313.PRJNA39169:1216_1217;1217_1219
132,657313.PRJNA39169:1203_1204
133,657313.PRJNA39169:2185_2186
134,657313.PRJNA39169:2943_2946;2946_2949
135,657313.PRJNA39169:2949_2953;2953_2954
136,657313.PRJNA39169:51_52;1308_1310;1328_1331
137,657313.PRJNA39169:53_57
138,657313.PRJNA39169:59_60
139,657313.PRJNA39169:2964_2965
140,657313.PRJNA39169:57_58;62_63;64_65
141,657313.PRJNA39169:66_67
142,657313.PRJNA39169:504_505
143,657313.PRJNA39169:2969_2973;2973_2977
144,657313.PRJNA39169:2977_2979
145,657313.PRJNA39169:2979_2980
146,657313.PRJNA39169:517_518
147,657313.PRJNA39169:495_499;499_501
148,657313.PRJNA39169:508_509
149,657313.PRJNA39169:513_515
150,657313.PRJNA39169:510_513
151,657313.PRJNA39169:501_504
152,657313.PRJNA39169:1192_1196
153,657313.PRJNA39169:1196_1199
154,657313.PRJNA39169:1170_1171
155,657313.PRJNA39169:1176_1179
156,657313.PRJNA39169:1165_1167
157,657313.PRJNA39169:3002_3005;3005_3006
158,657313.PRJNA39169:2958_2959
159,657313.PRJNA39169:1161_1162;1162_1163;1163_1165
160,657313.PRJNA39169:1159_1160
161,657313.PRJNA39169:1237_1238;1238_1239
162,657313.PRJNA39169:1232_1234
163,657313.PRJNA39169:1147_1148;1149_1150;1151_1153;1154_1155;1156_1157;2989_2990;2990_2991
164,657313.PRJNA39169:1138_1139;1139_1140;1141_1143
165,657313.PRJNA39169:1200_1202
166,657313.PRJNA39169:1243_1244
167,657313.PRJNA39169:2326_2327
168,657313.PRJNA39169:3194_3197;3206_3207
169,657313.PRJNA39169:3153_3162;3162_3167;3167_3172;3172_3177;3177_3182;3182_3185;3207_3208;3209_3214;3240_3241
170,657313.PRJNA39169:3185_3188;3188_3189;3189_3194
171,657313.PRJNA39169:3151_3153
172,657313.PRJNA39169:3208_3209
173,657313.PRJNA39169:3214_3215
174,657313.PRJNA39169:3239_3240
175,657313.PRJNA39169:285_286
176,657313.PRJNA39169:1374_1375
177,657313.PRJNA39169:2929_2930
178,657313.PRJNA39169:3197_3200
179,657313.PRJNA39169:1337_1339;1339_1343;1343_1346
180,657313.PRJNA39169:1331_1332;1332_1333;1333_1334
181,657313.PRJNA39169:1346_1350
182,657313.PRJNA39169:288_289;291_292
183,657313.PRJNA39169:3_4
184,657313.PRJNA39169:1671_1672;1672_1674;1674_1676;1676_1677
185,657313.PRJNA39169:271_273;273_274
186,657313.PRJNA39169:2464_2466
187,657313.PRJNA39169:868_869
188,657313.PRJNA39169:1399_1400
189,657313.PRJNA39169:266_268;268_270
190,657313.PRJNA39169:866_867
191,657313.PRJNA39169:650_652
192,411479.PRJNA18195:387_397;413_415
193,411479.PRJNA18195:412_413
194,411479.PRJNA18195:2584_2585;2585_2586;3613_3614;3614_3615
195,411479.PRJNA18195:3591_3597;3599_3610
196,411479.PRJNA18195:3597_3598
197,411479.PRJNA18195:2749_2750;2750_2753;2753_2755;2755_2756;2756_2758;2758_2759;2762_2765;3612_3613;3615_3616;3616_3618;3618_3620;3620_3622;3622_3625
198,411479.PRJNA18195:2765_2769;3625_3626
199,411479.PRJNA18195:3881_3882;3882_3883
200,411479.PRJNA18195:3886_3887;3887_3888;3888_3889
201,411479.PRJNA18195:2956_2957;2957_2958;2958_2959;2959_2960;2960_2961;2961_2962;2962_2963;2963_2964;2964_2965;2965_2966;2966_2967;2967_2968;2969_2970
202,411479.PRJNA18195:2951_2952
203,411479.PRJNA18195:2954_2956
204,411479.PRJNA18195:1690_1697;1697_1698;1698_1700;1700_1701;1701_1702;1702_1703;1703_1704;1704_1705;1705_1706;1706_1707
205,411479.PRJNA18195:1707_1708;1708_1709;1710_1711
206,411479.PRJNA18195:3203_3204;3204_3205
207,411479.PRJNA18195:3880_3881
208,411479.PRJNA18195:4571_4574
209,411479.PRJNA18195:415_416
210,1519439.PRJNA253252:1119_1122;1284_1286
211,1519439.PRJNA253252:1117_1118
212,1519439.PRJNA253252:1118_1119
213,1519439.PRJNA253252:265_266;266_267
214,1519439.PRJNA253252:1995_1996
215,1519439.PRJNA253252:796_798;798_803;803_804;2161_2163;2163_2168;2168_2176;2180_2182;2182_2187;2187_2192;2192_2194
216,1519439.PRJNA253252:1425_1426;1431_1432;1942_1943
217,1519439.PRJNA253252:1429_1431
218,1519439.PRJNA253252:1432_1433
219,1519439.PRJNA253252:1426_1428
220,1519439.PRJNA253252:621_622;622_627
221,1519439.PRJNA253252:459_461;949_951;1649_1651
222,1519439.PRJNA253252:627_633;633_634
223,1519439.PRJNA253252:1872_1874
224,1519439.PRJNA253252:542_543;1342_1344;2269_2272
225,1519439.PRJNA253252:776_781;987_991;1321_1333;1337_1342;1433_1434;2272_2282;2282_2291
226,1519439.PRJNA253252:1333_1334
227,1519439.PRJNA253252:1334_1337
228,1519439.PRJNA253252:2522_2524
229,1519439.PRJNA253252:1255_1257
230,1519439.PRJNA253252:1527_1529
231,1519439.PRJNA253252:1975_1976
232,1519439.PRJNA253252:1173_1179
233,1519439.PRJNA253252:996_997
234,1519439.PRJNA253252:2540_2543
235,1519439.PRJNA253252:1998_2000
236,1519439.PRJNA253252:1721_1727;2108_2112;2112_2113
237,1519439.PRJNA253252:1728_1732
238,1519439.PRJNA253252:1727_1728
239,1519439.PRJNA253252:502_504;506_508
240,1519439.PRJNA253252:1653_1656
241,1519439.PRJNA253252:1781_1785
242,1519439.PRJNA253252:2001_2003
243,1160721.PRJEA88543:1455_1456;1456_1458;1458_1459;1460_1462
244,1160721.PRJEA88543:1448_1450;1450_1451
245,1160721.PRJEA88543:1427_1429;1429_1430
246,1160721.PRJEA88543:1464_1466
247,1160721.PRJEA88543:304_306;527_528
248,1160721.PRJEA88543:1466_1468
249,1160721.PRJEA88543:1477_1478
250,1160721.PRJEA88543:235_236
251,1160721.PRJEA88543:529_530
252,1160721.PRJEA88543:2049_2050
253,1121115.PRJNA195783:1156_1157;1157_1158;1159_1160;1160_1161
254,1121115.PRJNA195783:1155_1156
255,1121115.PRJNA195783:1161_1162
256,1121115.PRJNA195783:1153_1155
257,1121115.PRJNA195783:1697_1701;1701_1708
258,1121115.PRJNA195783:1663_1664;1665_1666;1668_1669;1670_1671;1672_1673;1673_1675;1675_1682;1682_1689;1690_1692
259,1121115.PRJNA195783:2779_2780;2780_2781
260,1121115.PRJNA195783:736_739
261,1121115.PRJNA195783:3970_3972
262,1121115.PRJNA195783:1864_1865;1980_1981
263,1121115.PRJNA195783:1327_1332;2338_2342;2342_2348;3491_3492;3492_3498;3498_3513;3532_3533
264,1121115.PRJNA195783:872_873;1849_1851;1851_1852;2675_2676
265,1121115.PRJNA195783:1333_1336
266,1121115.PRJNA195783:1336_1337
267,1121115.PRJNA195783:1337_1338
268,1121115.PRJNA195783:3892_3896
269,1121115.PRJNA195783:3534_3541;3545_3547
270,1121115.PRJNA195783:674_675;3533_3534
271,1121115.PRJNA195783:3541_3545
272,1121115.PRJNA195783:3981_3982
273,1121115.PRJNA195783:2079_2081
274,1121115.PRJNA195783:2081_2082
275,1121115.PRJNA195783:3475_3476;3476_3477
276,1121115.PRJNA195783:2940_2941
277,1121115.PRJNA195783:3978_3979
278,1121115.PRJNA195783:758_759
279,1121115.PRJNA195783:2787_2788;2788_2791;2791_2793
280,1121115.PRJNA195783:2795_2797
281,1121115.PRJNA195783:1721_1722;1724_1726;1726_1728;1742_1743;1744_1746;1748_1749;1767_1768
282,1121115.PRJNA195783:3524_3531;3531_3532
283,1121115.PRJNA195783:2086_2089;2089_2090
284,1121115.PRJNA195783:3516_3519
285,1121115.PRJNA195783:3519_3520
286,1121115.PRJNA195783:3513_3516
287,1121115.PRJNA195783:3520_3524
288,1121115.PRJNA195783:4492_4495;4495_4500
289,1121115.PRJNA195783:4406_4408;4408_4409
290,1121115.PRJNA195783:4404_4405
291,1121115.PRJNA195783:4413_4414;4414_4415
292,1121115.PRJNA195783:1715_1716
293,1121115.PRJNA195783:2667_2668
294,1121115.PRJNA195783:4064_4065
295,1121115.PRJNA195783:609_611
296,1121115.PRJNA195783:3614_3615
297,1121115.PRJNA195783:3083_3088
298,1121115.PRJNA195783:4309_4310
299,1121115.PRJNA195783:3840_3844;3844_3846
300,1121115.PRJNA195783:2760_2766
301,1121115.PRJNA195783:2633_2635
302,1121115.PRJNA195783:659_662
303,1121115.PRJNA195783:1217_1220
304,1121115.PRJNA195783:2658_2664
305,1121115.PRJNA195783:3394_3400;3401_3403;3403_3404
306,1121115.PRJNA195783:3800_3801;3801_3802;3802_3803
307,1121115.PRJNA195783:3797_3798
308,1121115.PRJNA195783:3778_3781
309,1121115.PRJNA195783:2736_2737
310,742726.PRJNA46375:2353_2359;2361_2370;2372_2409
311,742726.PRJNA46375:2360_2361
312,742726.PRJNA46375:3021_3022
313,742726.PRJNA46375:3022_3023
314,742726.PRJNA46375:3014_3015;3015_3017;3017_3018
315,742726.PRJNA46375:3018_3019
316,742726.PRJNA46375:950_952;952_953;955_956
317,742726.PRJNA46375:1615_1616;1616_1618;1618_1619;1656_1771
318,742726.PRJNA46375:1619_1652
319,742726.PRJNA46375:333_334;334_335
320,742726.PRJNA46375:330_333
321,742726.PRJNA46375:2370_2372
322,537011.PRJNA30025:1597_1598;3274_3275
323,537011.PRJNA30025:43_46
324,537011.PRJNA30025:400_401
325,537011.PRJNA30025:1643_1645
326,537011.PRJNA30025:2544_2545
327,537011.PRJNA30025:1515_1516;1601_1604;2058_2060
328,537011.PRJNA30025:1258_1259
329,537011.PRJNA30025:1259_1261
330,537011.PRJNA30025:77_78
331,537011.PRJNA30025:1608_1610
332,537011.PRJNA30025:438_441;1855_1856
333,537011.PRJNA30025:3084_3087
334,537011.PRJNA30025:3087_3088
335,537011.PRJNA30025:1553_1554
336,537011.PRJNA30025:1554_1555
337,537011.PRJNA30025:63_64;167_169;493_495;1541_1543;1709_1710
338,537011.PRJNA30025:3174_3175
339,537011.PRJNA30025:821_823;1244_1246;1452_1454;1548_1550;1707_1708;2708_2709
340,537011.PRJNA30025:155_156;169_170;434_436;436_437;618_619;1015_1016;1042_1043;1177_1179;1179_1181;1362_1363;1477_1487;1630_1631;3070_3072;3072_3073;3461_3462;3507_3512
341,537011.PRJNA30025:3098_3099
342,537011.PRJNA30025:1578_1580
343,537011.PRJNA30025:1039_1040
344,537011.PRJNA30025:72_73;1886_1887
345,537011.PRJNA30025:1585_1587
346,547043.PRJNA30373:679_680
347,547043.PRJNA30373:680_681
348,547043.PRJNA30373:677_679
349,547043.PRJNA30373:1091_1093;1108_1109
350,547043.PRJNA30373:1779_1780;1781_1782
351,547043.PRJNA30373:1545_1546
352,547043.PRJNA30373:1082_1083
353,547043.PRJNA30373:2042_2049
354,547043.PRJNA30373:2049_2051
355,547043.PRJNA30373:1430_1431
356,547043.PRJNA30373:1600_1602
357,547043.PRJNA30373:956_957;957_958
358,547043.PRJNA30373:500_501
359,547043.PRJNA30373:1384_1385;1385_1386
360,547043.PRJNA30373:127_128;128_129;538_539;1035_1036;1342_1343;1343_1344;1613_1614;1870_1871;2035_2042
361,547043.PRJNA30373:964_965
362,547043.PRJNA30373:448_451
363,547043.PRJNA30373:1381_1382
364,547043.PRJNA30373:1386_1387
365,547043.PRJNA30373:1396_1397
366,547043.PRJNA30373:584_585
367,547043.PRJNA30373:1806_1807
368,547043.PRJNA30373:1036_1039
369,547043.PRJNA30373:681_683
370,702459.PRJNA42863:502_503
371,702459.PRJNA42863:1393_1394
372,702459.PRJNA42863:2021_2026
373,702459.PRJNA42863:333_336
374,702459.PRJNA42863:1090_1099
375,702459.PRJNA42863:1109_1112
376,702459.PRJNA42863:1071_1072;1078_1085
377,702459.PRJNA42863:1074_1075;1076_1077
378,702459.PRJNA42863:1075_1076
379,702459.PRJNA42863:17_22;22_23
380,702459.PRJNA42863:23_24
381,702459.PRJNA42863:949_952
382,702459.PRJNA42863:952_954
383,702459.PRJNA42863:87_89
384,702459.PRJNA42863:89_90
385,702459.PRJNA42863:79_81;83_84
386,702459.PRJNA42863:71_79;81_83;86_87;90_95
387,702459.PRJNA42863:84_85
388,702459.PRJNA42863:85_86
389,702459.PRJNA42863:67_68
390,702459.PRJNA42863:65_67
391,702459.PRJNA42863:95_96
392,702459.PRJNA42863:68_71
393,702459.PRJNA42863:206_210;211_219
394,702459.PRJNA42863:219_222
395,702459.PRJNA42863:210_211
396,702459.PRJNA42863:1346_1347
397,702459.PRJNA42863:1347_1352
398,702459.PRJNA42863:154_158;158_160
399,702459.PRJNA42863:96_99
400,702459.PRJNA42863:940_941
401,702459.PRJNA42863:1453_1454
402,702459.PRJNA42863:1683_1686
403,702459.PRJNA42863:64_65;1662_1663
404,702459.PRJNA42863:99_102
405,702459.PRJNA42863:2151_2152
406,702459.PRJNA42863:967_968;1907_1909
407,702459.PRJNA42863:63_64;2174_2175;2177_2181;2183_2185
408,702459.PRJNA42863:222_223
409,702459.PRJNA42863:1727_1733
410,702459.PRJNA42863:191_196;196_203;204_206
411,702459.PRJNA42863:203_204
412,702459.PRJNA42863:1050_1052
413,702459.PRJNA42863:1877_1882
414,626939.PRJNA48505:253_255;1776_1778
415,626939.PRJNA48505:1615_1616;1616_1618;2120_2121;2121_2122
416,626939.PRJNA48505:372_373
417,626939.PRJNA48505:1013_1014
418,626939.PRJNA48505:965_966
419,626939.PRJNA48505:1397_1398
420,626939.PRJNA48505:684_685
421,626939.PRJNA48505:1853_1854
422,626939.PRJNA48505:1027_1028
423,626939.PRJNA48505:1453_1455
424,626939.PRJNA48505:1320_1322
425,626939.PRJNA48505:1322_1323
426,626939.PRJNA48505:447_448
427,626939.PRJNA48505:208_213
428,626939.PRJNA48505:213_215
429,626939.PRJNA48505:789_791
430,626939.PRJNA48505:1771_1776
431,626939.PRJNA48505:1767_1771
432,626939.PRJNA48505:683_684
433,626939.PRJNA48505:1120_1121
434,626939.PRJNA48505:373_379;382_390;392_407;411_418
435,626939.PRJNA48505:390_392
436,626939.PRJNA48505:407_408
437,626939.PRJNA48505:408_411
438,626939.PRJNA48505:379_382
439,626939.PRJNA48505:1832_1833
440,626939.PRJNA48505:1833_1834
441,626939.PRJNA48505:1830_1831
442,626939.PRJNA48505:1831_1832
443,626939.PRJNA48505:1318_1319
444,626939.PRJNA48505:1319_1320
445,626939.PRJNA48505:1317_1318
446,626939.PRJNA48505:206_207
447,626939.PRJNA48505:1779_1784
448,585394.PRJNA33399:3434_3435;3435_3436
449,585394.PRJNA33399:3497_3498;3498_3499;3499_3500;3500_3501;3501_3502;3502_3503
450,585394.PRJNA33399:3514_3515;3519_3520
451,585394.PRJNA33399:2938_2939
452,585394.PRJNA33399:3454_3455
453,585394.PRJNA33399:3283_3284;3284_3285
454,585394.PRJNA33399:2946_2948
455,585394.PRJNA33399:69_70
456,585394.PRJNA33399:3259_3260
457,585394.PRJNA33399:2835_2836
458,585394.PRJNA33399:335_336
459,585394.PRJNA33399:336_337
460,585394.PRJNA33399:333_334;334_335
461,585394.PRJNA33399:337_338
462,585394.PRJNA33399:427_428
463,585394.PRJNA33399:428_429
464,585394.PRJNA33399:423_424;424_427
465,585394.PRJNA33399:407_408;408_412;416_418;429_430;430_431
466,585394.PRJNA33399:419_420
467,585394.PRJNA33399:412_415
468,585394.PRJNA33399:415_416
469,585394.PRJNA33399:418_419
470,585394.PRJNA33399:525_526;526_527
471,585394.PRJNA33399:1431_1435;1435_1440
472,585394.PRJNA33399:1426_1429
473,585394.PRJNA33399:1429_1431
474,585394.PRJNA33399:2273_2274
475,585394.PRJNA33399:2948_2949
476,585394.PRJNA33399:2274_2275
477,585394.PRJNA33399:381_382
478,585394.PRJNA33399:2262_2263;2263_2266;2268_2269;2277_2278
479,585394.PRJNA33399:2270_2273
480,585394.PRJNA33399:2269_2270
481,585394.PRJNA33399:2276_2277;3321_3322;3329_3330
482,585394.PRJNA33399:3328_3329
483,585394.PRJNA33399:3317_3318
484,585394.PRJNA33399:3316_3317
485,585394.PRJNA33399:3318_3319
486,585394.PRJNA33399:374_375;375_380
487,585394.PRJNA33399:402_403
488,585394.PRJNA33399:404_405
489,585394.PRJNA33399:383_384
490,585394.PRJNA33399:380_381
491,585394.PRJNA33399:382_383
492,585394.PRJNA33399:3324_3328
493,585394.PRJNA33399:2235_2236
494,585394.PRJNA33399:2236_2238
495,585394.PRJNA33399:2232_2235;2240_2241;2241_2242;2242_2246;2246_2250;2250_2254;2261_2262;2278_2279;2279_2282;2943_2944
496,585394.PRJNA33399:2945_2946
497,585394.PRJNA33399:2952_2953;2953_2954;2956_2957;2959_2960;2960_2961;2962_2963;2963_2964;2964_2965;2965_2966;2966_2967;2967_2968;2968_2969;2969_2970
498,585394.PRJNA33399:3465_3469;3470_3473
499,585394.PRJNA33399:3469_3470
500,585394.PRJNA33399:3322_3324
501,585394.PRJNA33399:361_362;362_363;363_364
502,585394.PRJNA33399:359_360;360_361
503,585394.PRJNA33399:364_365
504,585394.PRJNA33399:366_367
505,585394.PRJNA33399:365_366
506,585394.PRJNA33399:367_368
507,585394.PRJNA33399:370_373
508,585394.PRJNA33399:373_374
509,585394.PRJNA33399:369_370
510,585394.PRJNA33399:3260_3261;3262_3263;3263_3264;3276_3277;3277_3278;3278_3279;3279_3280;3285_3286;3286_3287;3287_3288;3334_3335;3336_3337;3337_3338;3338_3339
511,585394.PRJNA33399:3265_3266;3266_3267
512,585394.PRJNA33399:3270_3271;3271_3272;3272_3273;3273_3274;3274_3275;3275_3276
513,585394.PRJNA33399:3267_3268
514,585394.PRJNA33399:3462_3465;3474_3477
515,585394.PRJNA33399:3436_3439
516,585394.PRJNA33399:3477_3481
517,585394.PRJNA33399:3452_3454
518,585394.PRJNA33399:2728_2730
519,585394.PRJNA33399:393_396
520,585394.PRJNA33399:400_401
521,585394.PRJNA33399:2924_2925;2926_2927;2927_2928
522,585394.PRJNA33399:2980_2982
523,585394.PRJNA33399:2909_2910;2910_2913
524,585394.PRJNA33399:2906_2907
525,585394.PRJNA33399:2907_2908
526,585394.PRJNA33399:2908_2909
527,585394.PRJNA33399:2904_2905;2905_2906
528,585394.PRJNA33399:2900_2901;2901_2902;2902_2903
529,585394.PRJNA33399:2903_2904
530,585394.PRJNA33399:2897_2898
531,585394.PRJNA33399:47_48;48_49;49_50;50_51;51_52
532,585394.PRJNA33399:3224_3225;3225_3226
533,585394.PRJNA33399:3221_3224
534,585394.PRJNA33399:305_309
535,585394.PRJNA33399:3240_3241
536,585394.PRJNA33399:2976_2978;3254_3256
537,585394.PRJNA33399:2974_2975;2975_2976;2978_2979;2979_2980;3249_3250;3253_3254;3256_3257;3257_3258
538,585394.PRJNA33399:3245_3247;3248_3249
539,585394.PRJNA33399:3247_3248
540,585394.PRJNA33399:3244_3245
541,585394.PRJNA33399:3489_3490
542,585394.PRJNA33399:2730_2731
543,585394.PRJNA33399:2731_2734
544,585394.PRJNA33399:2726_2728
545,585394.PRJNA33399:2734_2741
546,585394.PRJNA33399:388_389;389_390
547,585394.PRJNA33399:390_391
548,585394.PRJNA33399:2820_2821
549,585394.PRJNA33399:1233_1234
550,585394.PRJNA33399:2933_2934
551,585394.PRJNA33399:2341_2342
552,445970.PRJNA19655:557_559;2342_2344;2344_2345
553,445970.PRJNA19655:553_557
554,445970.PRJNA19655:2334_2342
555,445970.PRJNA19655:902_903;1322_1323;1323_1324
556,445970.PRJNA19655:904_906;1918_1919
557,445970.PRJNA19655:903_904
558,445970.PRJNA19655:906_910
559,445970.PRJNA19655:190_191
560,445970.PRJNA19655:1555_1556
561,445970.PRJNA19655:956_957
562,445970.PRJNA19655:936_937
563,717962.PRJEA45861:1023_1024
564,717962.PRJEA45861:1024_1026
565,717962.PRJEA45861:980_981;983_987
566,717962.PRJEA45861:993_994
567,717962.PRJEA45861:1022_1023
568,717962.PRJEA45861:1010_1013
569,717962.PRJEA45861:991_993
570,717962.PRJEA45861:981_983
571,717962.PRJEA45861:861_862;866_875
572,717962.PRJEA45861:862_863
573,717962.PRJEA45861:863_864
574,717962.PRJEA45861:864_866
575,717962.PRJEA45861:3102_3103
576,717962.PRJEA45861:3207_3208
577,717962.PRJEA45861:2630_2633
578,717962.PRJEA45861:263_264
579,717962.PRJEA45861:2611_2612
580,717962.PRJEA45861:260_262
581,717962.PRJEA45861:3166_3168
582,717962.PRJEA45861:2284_2287;2287_2289
583,717962.PRJEA45861:2299_2300
584,717962.PRJEA45861:2283_2284
585,717962.PRJEA45861:1242_1244;1244_1249;1252_1253;1254_1261
586,717962.PRJEA45861:1249_1252
587,717962.PRJEA45861:1253_1254
588,717962.PRJEA45861:2604_2607
589,717962.PRJEA45861:2607_2608
590,717962.PRJEA45861:2603_2604
591,717962.PRJEA45861:2640_2651;2652_2655;2664_2667
592,717962.PRJEA45861:2616_2630
593,717962.PRJEA45861:2672_2675
594,717962.PRJEA45861:2675_2676
595,717962.PRJEA45861:2668_2669
596,717962.PRJEA45861:2615_2616
597,717962.PRJEA45861:2651_2652
598,717962.PRJEA45861:282_286
599,717962.PRJEA45861:286_287
600,717962.PRJEA45861:2608_2609
601,717962.PRJEA45861:2609_2611
602,717962.PRJEA45861:258_259
603,717962.PRJEA45861:259_260
604,717962.PRJEA45861:2612_2613
605,717962.PRJEA45861:2613_2615
606,717962.PRJEA45861:3194_3195
607,717962.PRJEA45861:3196_3197
608,717962.PRJEA45861:2677_2679
609,717962.PRJEA45861:2681_2682
610,717962.PRJEA45861:2838_2839
611,717962.PRJEA45861:890_891
612,717962.PRJEA45861:3198_3199;3199_3200
613,717962.PRJEA45861:904_946;948_949;970_979
614,717962.PRJEA45861:953_955;955_957;958_959
615,717962.PRJEA45861:949_950;951_953;961_963;963_964;968_970
616,717962.PRJEA45861:946_948
617,717962.PRJEA45861:965_967
618,717962.PRJEA45861:3080_3081
619,717962.PRJEA45861:3082_3084
620,717962.PRJEA45861:217_218
621,717962.PRJEA45861:218_219
622,717962.PRJEA45861:219_226;226_232
623,717962.PRJEA45861:242_246
624,717962.PRJEA45861:232_233
625,717962.PRJEA45861:246_247
626,717962.PRJEA45861:3251_3252
627,717962.PRJEA45861:3252_3253
628,717962.PRJEA45861:648_650
629,717962.PRJEA45861:3246_3247;3247_3248
630,717962.PRJEA45861:270_271
631,717962.PRJEA45861:3250_3251
632,717962.PRJEA45861:254_255
633,717962.PRJEA45861:3185_3187
634,717962.PRJEA45861:895_896
635,717962.PRJEA45861:3179_3182;3182_3183
636,717962.PRJEA45861:1013_1016;1016_1018
637,717962.PRJEA45861:1019_1020
638,717962.PRJEA45861:2655_2664
639,717962.PRJEA45861:2634_2636;2637_2640
640,717962.PRJEA45861:3174_3175
641,717962.PRJEA45861:3175_3176
642,717962.PRJEA45861:3172_3174
643,748224.PRJNA46809:736_739
644,748224.PRJNA46809:902_904
645,748224.PRJNA46809:866_868;868_871;871_874
646,748224.PRJNA46809:1350_1355;1355_1357
647,748224.PRJNA46809:1372_1373;1373_1376;1378_1380
648,748224.PRJNA46809:124_126;560_561;920_922;1582_1584;2919_2921
649,748224.PRJNA46809:2358_2362;2362_2365;2365_2367
650,748224.PRJNA46809:885_887
651,748224.PRJNA46809:2608_2609
652,748224.PRJNA46809:2368_2371;2378_2379;2380_2385;2385_2388
653,748224.PRJNA46809:1528_1533;1533_1534
654,748224.PRJNA46809:1525_1527
655,748224.PRJNA46809:2475_2478;2478_2479
656,748224.PRJNA46809:2474_2475
657,748224.PRJNA46809:2398_2400
658,1683.PRJNA239835:583_584;584_585
659,1683.PRJNA239835:1432_1437;1445_1446;1446_1449
660,1683.PRJNA239835:880_883;883_884;884_885
661,1683.PRJNA239835:611_612;612_618;1805_1819;1819_1839
662,1683.PRJNA239835:1174_1178;1178_1179
663,1683.PRJNA239835:619_623;670_673;673_675
664,1683.PRJNA239835:273_274;356_357;401_402;625_626;626_627;627_628;628_629;885_888;889_892;1124_1125;1125_1126
665,1683.PRJNA239835:510_511
666,1683.PRJNA239835:1846_1848
667,1683.PRJNA239835:1429_1430;1430_1431
668,1683.PRJNA239835:1917_1919
669,1683.PRJNA239835:152_155;161_162
670,1683.PRJNA239835:892_897;897_898
671,1683.PRJNA239835:516_517
672,657319.PRJNA39157:261_273;275_292;302_309;310_334
673,657319.PRJNA39157:273_274
674,657319.PRJNA39157:259_260
675,657319.PRJNA39157:309_310
676,657319.PRJNA39157:274_275
677,657319.PRJNA39157:260_261
678,657319.PRJNA39157:831_835
679,657319.PRJNA39157:849_856
680,657319.PRJNA39157:0_2;3_6
681,657319.PRJNA39157:2_3
682,657319.PRJNA39157:1049_1054
683,657319.PRJNA39157:1056_1060
684,657319.PRJNA39157:1054_1056
685,657319.PRJNA39157:1759_1761
686,657319.PRJNA39157:1820_1822;1822_1823
687,657319.PRJNA39157:2918_2919
688,657319.PRJNA39157:2919_2921
689,657319.PRJNA39157:1299_1301;1301_1302
690,657319.PRJNA39157:2266_2267
691,657319.PRJNA39157:591_593;2940_2941
692,657319.PRJNA39157:2475_2477
693,657319.PRJNA39157:2552_2553
694,657319.PRJNA39157:2099_2101
695,657319.PRJNA39157:630_631
696,657319.PRJNA39157:835_838
697,657319.PRJNA39157:839_840
698,657319.PRJNA39157:840_842;844_846
699,657319.PRJNA39157:842_844
700,657319.PRJNA39157:847_848
701,657319.PRJNA39157:846_847
702,657319.PRJNA39157:848_849
703,657319.PRJNA39157:1418_1419
704,657319.PRJNA39157:1419_1421
705,657319.PRJNA39157:1412_1414
706,657319.PRJNA39157:1414_1415
707,657319.PRJNA39157:1421_1422
708,657319.PRJNA39157:1422_1423
709,657319.PRJNA39157:1423_1427
710,657319.PRJNA39157:1407_1408
711,657319.PRJNA39157:1430_1431
712,657319.PRJNA39157:1431_1432
713,657319.PRJNA39157:1415_1416
714,657319.PRJNA39157:1429_1430
715,657319.PRJNA39157:1416_1418
716,657319.PRJNA39157:1433_1435
717,657319.PRJNA39157:1435_1436
718,657319.PRJNA39157:1436_1437;1439_1440
719,657319.PRJNA39157:1440_1442
720,657319.PRJNA39157:1427_1428
721,657319.PRJNA39157:1428_1429
722,657319.PRJNA39157:1437_1438
723,657319.PRJNA39157:1438_1439
724,657319.PRJNA39157:1432_1433
725,657319.PRJNA39157:1409_1410
726,657319.PRJNA39157:1410_1411
727,657319.PRJNA39157:1408_1409
728,657319.PRJNA39157:1442_1443
729,657319.PRJNA39157:1445_1447
730,657319.PRJNA39157:1443_1444
731,657319.PRJNA39157:1444_1445
732,657319.PRJNA39157:1455_1458
733,657319.PRJNA39157:1458_1460
734,657319.PRJNA39157:1447_1455
735,657319.PRJNA39157:1411_1412
736,657319.PRJNA39157:1653_1655;1655_1657;1658_1660;1660_1662
737,657319.PRJNA39157:1910_1911;1913_1915;1915_1916
738,657319.PRJNA39157:1386_1387
739,657319.PRJNA39157:357_359
740,657319.PRJNA39157:2562_2563
741,470145.PRJNA20521:3300_3301;3445_3448
742,470145.PRJNA20521:3298_3299
743,470145.PRJNA20521:3299_3300
744,470145.PRJNA20521:874_875
745,470145.PRJNA20521:3462_3463
746,470145.PRJNA20521:2592_2593;4221_4222
747,470145.PRJNA20521:2564_2569;2569_2570
748,470145.PRJNA20521:2512_2518;2520_2543;2548_2562;2578_2582;2582_2583;2587_2588
749,470145.PRJNA20521:2570_2574;2575_2578
750,470145.PRJNA20521:2489_2512;2543_2548;2583_2587
751,470145.PRJNA20521:2574_2575
752,470145.PRJNA20521:2588_2589
753,470145.PRJNA20521:2562_2564
754,470145.PRJNA20521:2518_2520
755,470145.PRJNA20521:425_426;433_434;434_435
756,470145.PRJNA20521:3373_3374
757,470145.PRJNA20521:881_884;885_887
758,470145.PRJNA20521:1427_1429;3488_3489
759,470145.PRJNA20521:1432_1435
760,470145.PRJNA20521:1096_1097;4005_4007
761,470145.PRJNA20521:1240_1242;1242_1245;1245_1248;1248_1251;1251_1260;1260_1261;1262_1265;1265_1271;1271_1274;1274_1276;1276_1278;1278_1281;1281_1283;1283_1285;1285_1286;1536_1538;1538_1539;1539_1540;1540_1541;4263_4264;4264_4265
762,470145.PRJNA20521:3773_3774;3774_3775;3775_3777;3777_3778;3780_3781;3783_3784
763,470145.PRJNA20521:3789_3790
764,470145.PRJNA20521:2814_2815
765,470145.PRJNA20521:1882_1883
766,470145.PRJNA20521:884_885
767,470145.PRJNA20521:4292_4296
768,470145.PRJNA20521:2811_2814
769,657323.PRJNA39149:2792_2793;2812_2813;2849_2850;2858_2859;2859_2860
770,657323.PRJNA39149:2835_2836
771,657323.PRJNA39149:2850_2851;2851_2852;2852_2853;2853_2854;2854_2857
772,657323.PRJNA39149:2857_2858
773,657323.PRJNA39149:281_282;282_287;287_288
774,657323.PRJNA39149:338_339;339_340;340_341;341_342
775,657323.PRJNA39149:342_345;345_346
776,657323.PRJNA39149:347_348
777,657323.PRJNA39149:349_350
778,657323.PRJNA39149:244_247;247_250;251_253
779,657323.PRJNA39149:250_251
780,657323.PRJNA39149:243_244
781,657323.PRJNA39149:2765_2766
782,657323.PRJNA39149:3056_3058
783,657323.PRJNA39149:269_272;276_279
784,657323.PRJNA39149:263_266
785,657323.PRJNA39149:262_263
786,657323.PRJNA39149:293_297;297_298
787,657323.PRJNA39149:288_290
788,657323.PRJNA39149:291_293
789,657323.PRJNA39149:290_291
790,657323.PRJNA39149:1375_1379;1379_1384;1384_1385;1385_1386;1388_1391;1391_1394
791,657323.PRJNA39149:1387_1388
792,657323.PRJNA39149:3258_3259;3259_3262;3262_3263
793,657323.PRJNA39149:215_216
794,657323.PRJNA39149:2383_2384
795,657323.PRJNA39149:2410_2411;2411_2412
796,657323.PRJNA39149:2235_2237;2237_2239
797,657323.PRJNA39149:2412_2413;2413_2414;2416_2418;2418_2421
798,657323.PRJNA39149:2703_2704;2704_2705;2705_2707
799,657323.PRJNA39149:2421_2422
800,657323.PRJNA39149:729_732;733_734;734_735;736_737;741_742
801,657323.PRJNA39149:728_729
802,657323.PRJNA39149:2387_2388
803,657323.PRJNA39149:212_213
804,657323.PRJNA39149:2766_2767
805,657323.PRJNA39149:739_740
806,657323.PRJNA39149:300_303;303_305
807,657323.PRJNA39149:306_307
808,657323.PRJNA39149:307_308
809,657323.PRJNA39149:773_774
810,657323.PRJNA39149:3038_3039
811,762968.PRJNA48501:2995_2996;3224_3231;3231_3240;3258_3267;3269_3287
812,762968.PRJNA48501:3255_3258
813,762968.PRJNA48501:3249_3250
814,762968.PRJNA48501:3250_3251
815,762968.PRJNA48501:3251_3252
816,762968.PRJNA48501:3247_3248
817,762968.PRJNA48501:3248_3249
818,762968.PRJNA48501:3254_3255
819,762968.PRJNA48501:3252_3254
820,762968.PRJNA48501:3243_3244
821,762968.PRJNA48501:3244_3245
822,762968.PRJNA48501:3245_3246
823,762968.PRJNA48501:3267_3269
824,762968.PRJNA48501:3985_3986
825,762968.PRJNA48501:3988_3990
826,762968.PRJNA48501:3983_3985
827,762968.PRJNA48501:1485_1486
828,762968.PRJNA48501:1832_1833
829,762968.PRJNA48501:1833_1834
830,762968.PRJNA48501:1827_1832
831,762968.PRJNA48501:1845_1847
832,762968.PRJNA48501:1836_1843
833,762968.PRJNA48501:1843_1844
834,762968.PRJNA48501:1834_1836
835,762968.PRJNA48501:1860_1861;1865_1867
836,762968.PRJNA48501:1862_1863;1863_1864
837,762968.PRJNA48501:1864_1865
838,762968.PRJNA48501:1847_1860;1870_1876;1879_1883
839,762968.PRJNA48501:1867_1870
840,762968.PRJNA48501:1876_1879
841,762968.PRJNA48501:1861_1862
842,762968.PRJNA48501:232_234;2487_2488
843,762968.PRJNA48501:988_989
844,762968.PRJNA48501:662_663
845,762968.PRJNA48501:3344_3346
846,762968.PRJNA48501:840_842;1532_1535
847,762968.PRJNA48501:1526_1528;1528_1532
848,762968.PRJNA48501:1525_1526
849,762968.PRJNA48501:2070_2112
850,762968.PRJNA48501:842_843
851,411477.PRJNA18193:2405_2406;2406_2407
852,411477.PRJNA18193:2407_2408;2408_2409
853,411477.PRJNA18193:2410_2411
854,411477.PRJNA18193:725_729;729_751
855,411477.PRJNA18193:751_752
856,411477.PRJNA18193:3022_3024;3024_3025
857,411477.PRJNA18193:3021_3022
858,411477.PRJNA18193:3080_3081;3081_3083;3085_3087;3087_3088;3088_3089;3089_3090;3090_3091;3092_3093;3093_3095;3095_3097;3097_3098;3099_3100;3100_3101;3884_3885;3889_3890;3890_3891;3891_3892
859,411477.PRJNA18193:3883_3884
860,411477.PRJNA18193:3083_3085
861,411477.PRJNA18193:3048_3049;3050_3051;3054_3055;3055_3056;3057_3058;3064_3065;3068_3069;3069_3070;3073_3074;3078_3079
862,411477.PRJNA18193:3051_3053
863,411477.PRJNA18193:3034_3040;3040_3042
864,411477.PRJNA18193:3042_3044;3045_3046;3046_3047
865,411477.PRJNA18193:3027_3029
866,411477.PRJNA18193:3029_3034
867,411477.PRJNA18193:3025_3026;3044_3045
868,411477.PRJNA18193:464_465
869,411477.PRJNA18193:3026_3027
870,411477.PRJNA18193:1620_1621;2602_2605;4085_4088
871,411477.PRJNA18193:1048_1049;1049_1050;1050_1051;1051_1052;1052_1053;1054_1055
872,411477.PRJNA18193:3600_3601;3601_3603
873,411477.PRJNA18193:1609_1610;1610_1611;1611_1612;1613_1614;1614_1615
874,411477.PRJNA18193:3581_3586;3586_3592;3596_3597;3597_3598
875,411477.PRJNA18193:2367_2368
876,411477.PRJNA18193:2368_2371
877,411477.PRJNA18193:169_170
878,411477.PRJNA18193:3859_3860
879,411477.PRJNA18193:2925_2929;2954_2958
880,411477.PRJNA18193:1859_1861;4095_4096
881,411477.PRJNA18193:303_304;1619_1620;1861_1862;3005_3007;4094_4095
882,411477.PRJNA18193:1618_1619
883,411477.PRJNA18193:4110_4111;4111_4112;4113_4115
884,411477.PRJNA18193:4103_4104
885,411477.PRJNA18193:993_994
886,411477.PRJNA18193:4105_4106
887,411477.PRJNA18193:2922_2923
888,411477.PRJNA18193:1924_1925;1925_1926;4386_4387
889,411477.PRJNA18193:3871_3874
890,411477.PRJNA18193:754_755;924_927;3544_3545;3892_3896
891,411477.PRJNA18193:923_924;2061_2067
892,411477.PRJNA18193:887_923;3882_3883
893,411477.PRJNA18193:752_754
894,411477.PRJNA18193:1295_1297;2483_2485;2858_2859;2859_2860
895,411477.PRJNA18193:1104_1105;2162_2163
896,411477.PRJNA18193:3653_3703
897,245018.PRJNA45957:1420_1421;1421_1422
898,245018.PRJNA45957:619_620;620_621
899,245018.PRJNA45957:2763_2764;2764_2765
900,245018.PRJNA45957:2765_2768
901,245018.PRJNA45957:212_213
902,245018.PRJNA45957:636_637
903,245018.PRJNA45957:189_194
904,245018.PRJNA45957:204_205
905,245018.PRJNA45957:208_209
906,245018.PRJNA45957:2369_2370;2370_2371;2371_2372;2372_2373;2373_2374;2374_2375;2375_2376
907,245018.PRJNA45957:2365_2369
908,245018.PRJNA45957:311_312;312_313;313_314;314_315
909,245018.PRJNA45957:315_316;316_317;317_318
910,245018.PRJNA45957:318_323
911,245018.PRJNA45957:2871_2872;2872_2873
912,245018.PRJNA45957:2877_2884;2885_2886;2886_2887
913,245018.PRJNA45957:2884_2885
914,245018.PRJNA45957:2873_2874;2874_2875;2875_2876;2876_2877
915,245018.PRJNA45957:2887_2888
916,245018.PRJNA45957:529_530;530_531
917,245018.PRJNA45957:439_440;440_441
918,245018.PRJNA45957:2096_2097;2097_2098;2098_2099
919,245018.PRJNA45957:2100_2101;2101_2102
920,245018.PRJNA45957:2099_2100
921,245018.PRJNA45957:2813_2814;2814_2815
922,245018.PRJNA45957:309_310
923,245018.PRJNA45957:333_334
924,245018.PRJNA45957:1946_1947;1947_1948
925,245018.PRJNA45957:42_50;130_131
926,245018.PRJNA45957:1891_1892
927,245018.PRJNA45957:1250_1251;1251_1252
928,245018.PRJNA45957:1112_1113;1113_1114
929,245018.PRJNA45957:1287_1288
930,411459.PRJNA18147:1289_1291;1291_1293;1293_1295;1295_1297
931,411459.PRJNA18147:2711_2712
932,411459.PRJNA18147:1448_1449
933,411459.PRJNA18147:1449_1451
934,411459.PRJNA18147:1446_1447
935,411459.PRJNA18147:2778_2780;2782_2784;2784_2785
936,411459.PRJNA18147:2780_2781
937,411459.PRJNA18147:2781_2782
938,411459.PRJNA18147:2773_2774;2774_2775
939,411459.PRJNA18147:2757_2758
940,411459.PRJNA18147:2720_2721;2722_2723;2723_2724;2724_2725;2725_2726;2727_2729;2731_2732;2732_2733;2734_2736;2737_2738;2738_2739;2758_2759;2759_2760
941,411459.PRJNA18147:2739_2740;2742_2743;2743_2744;2744_2745;2745_2746;2751_2752;2752_2754;2754_2755
942,411459.PRJNA18147:2715_2716;2716_2718;2718_2720
943,411459.PRJNA18147:2666_2667
944,411459.PRJNA18147:2692_2693;2693_2695;2695_2697
945,411459.PRJNA18147:430_431;433_434;435_436
946,411459.PRJNA18147:449_450
947,411459.PRJNA18147:450_452
948,411459.PRJNA18147:3034_3036;3036_3038
949,411459.PRJNA18147:3031_3032;3038_3040
950,411459.PRJNA18147:3027_3028
951,411459.PRJNA18147:3028_3029
952,411459.PRJNA18147:3019_3020;3020_3021
953,411459.PRJNA18147:3025_3026
954,411459.PRJNA18147:3021_3022
955,411459.PRJNA18147:3026_3027
956,411459.PRJNA18147:3022_3024
957,411459.PRJNA18147:3024_3025
958,411459.PRJNA18147:1256_1258;1258_1260;1260_1262;1262_1264;1264_1266;1266_1268;1268_1270;1270_1272;1272_1274;1274_1276;1276_1278;1278_1280;1280_1282;1286_1287;1287_1289;1298_1300
959,411459.PRJNA18147:1308_1310;1310_1311
960,411459.PRJNA18147:1250_1251
961,411459.PRJNA18147:1251_1252
962,411459.PRJNA18147:1255_1256
963,411459.PRJNA18147:1303_1304
964,411459.PRJNA18147:1304_1305
965,411459.PRJNA18147:1305_1307
966,411459.PRJNA18147:1302_1303
967,411459.PRJNA18147:1307_1308
968,411459.PRJNA18147:2991_2993;2993_2994
969,411459.PRJNA18147:2983_2985;2985_2987;2987_2989;2989_2991
970,411459.PRJNA18147:1165_1166;1166_1167
971,411459.PRJNA18147:2504_2505
972,411459.PRJNA18147:1436_1438;2649_2650
973,411459.PRJNA18147:2679_2680;2681_2682;2682_2683
974,411459.PRJNA18147:3079_3080
975,411459.PRJNA18147:2678_2679
976,411459.PRJNA18147:1604_1605;1605_1606
977,411459.PRJNA18147:1609_1610
978,411459.PRJNA18147:1524_1525;1526_1527
979,411459.PRJNA18147:1527_1528
980,411459.PRJNA18147:1332_1333
981,411459.PRJNA18147:3040_3042;3042_3044;3044_3045;3048_3049
982,411459.PRJNA18147:2981_2982;2994_2996;2999_3000
983,411459.PRJNA18147:2975_2976
984,411459.PRJNA18147:1500_1501;1501_1502
985,411459.PRJNA18147:1510_1511
986,411459.PRJNA18147:2427_2428
987,411459.PRJNA18147:1504_1505
988,411459.PRJNA18147:3081_3083
989,411459.PRJNA18147:3085_3086
990,411459.PRJNA18147:3080_3081
991,411459.PRJNA18147:2685_2686
992,411459.PRJNA18147:2688_2689
993,411459.PRJNA18147:2699_2700;2700_2701;2702_2703;2704_2705;2705_2707;2707_2708
994,411459.PRJNA18147:2697_2699
995,411459.PRJNA18147:184_186;186_189;991_992;992_993;1090_1091;1091_1094;1094_1095;3547_3549;3550_3551
996,411459.PRJNA18147:2430_2431
997,411459.PRJNA18147:2542_2543
998,411459.PRJNA18147:3068_3070
999,411459.PRJNA18147:1538_1540;1540_1542;1542_1544;1544_1546;1546_1548;1548_1550;1551_1552
1000,411459.PRJNA18147:1560_1561
1001,411459.PRJNA18147:1561_1562
1002,411459.PRJNA18147:3070_3071
1003,1280698.PRJNA185710:1146_1147;1465_1466
1004,1280698.PRJNA185710:1464_1465
1005,1280698.PRJNA185710:1463_1464
1006,1280698.PRJNA185710:88_89
1007,1280698.PRJNA185710:170_171
1008,1280698.PRJNA185710:3240_3241
1009,1280698.PRJNA185710:1454_1456;1461_1463
1010,1280698.PRJNA185710:179_180
1011,1280698.PRJNA185710:3480_3481
1012,1280698.PRJNA185710:1777_1778;1778_1779
1013,1280698.PRJNA185710:3450_3452
1014,1280698.PRJNA185710:3452_3453
1015,1280698.PRJNA185710:1616_1617;1618_1619
1016,1280698.PRJNA185710:941_944
1017,1280698.PRJNA185710:165_166
1018,1280698.PRJNA185710:707_708
1019,1280698.PRJNA185710:3445_3446
1020,1280698.PRJNA185710:3453_3455
1021,1280698.PRJNA185710:1635_1636
1022,1280698.PRJNA185710:3235_3236
1023,1280698.PRJNA185710:1004_1005;1868_1871;1874_1883
1024,1280698.PRJNA185710:1931_1935;1937_1939
1025,1280698.PRJNA185710:994_999;1000_1004
1026,1280698.PRJNA185710:1923_1931
1027,1280698.PRJNA185710:993_994
1028,1280698.PRJNA185710:999_1000
1029,1280698.PRJNA185710:1883_1900
1030,1280698.PRJNA185710:1936_1937
1031,1280698.PRJNA185710:1921_1923
1032,1280698.PRJNA185710:1939_1940
1033,1280698.PRJNA185710:1867_1868
1034,1280698.PRJNA185710:1017_1019
1035,1280698.PRJNA185710:2676_2677
1036,1280698.PRJNA185710:1871_1872
1037,1280698.PRJNA185710:644_645
1038,1280698.PRJNA185710:1917_1918
1039,1280698.PRJNA185710:1918_1919
1040,1280698.PRJNA185710:1904_1906
1041,1280698.PRJNA185710:1906_1907
1042,1280698.PRJNA185710:1903_1904
1043,1280698.PRJNA185710:648_649
1044,1280698.PRJNA185710:3031_3032
1045,1280698.PRJNA185710:1908_1911
1046,1280698.PRJNA185710:1911_1917
1047,1280698.PRJNA185710:1907_1908
1048,1280698.PRJNA185710:1467_1468
1049,1280698.PRJNA185710:3063_3064
1050,1280698.PRJNA185710:2854_2856
1051,1280698.PRJNA185710:2861_2862
1052,1280698.PRJNA185710:2862_2863
1053,1280698.PRJNA185710:1548_1549
1054,1280698.PRJNA185710:3257_3258
1055,1280698.PRJNA185710:1547_1548
1056,1280698.PRJNA185710:3258_3260
1057,1280698.PRJNA185710:2291_2292;2293_2294
1058,1280698.PRJNA185710:587_588;588_589
1059,1280698.PRJNA185710:2621_2624
1060,1280698.PRJNA185710:2286_2287
1061,1280698.PRJNA185710:1504_1505
1062,718255.PRJNA45953:2897_2898;2898_2899
1063,718255.PRJNA45953:308_309;309_310
1064,718255.PRJNA45953:3290_3291;3291_3292;3292_3293;3294_3295
1065,718255.PRJNA45953:3297_3298
1066,718255.PRJNA45953:2891_2892
1067,718255.PRJNA45953:2951_2952
1068,718255.PRJNA45953:4154_4155;4155_4156
1069,718255.PRJNA45953:4198_4199
1070,718255.PRJNA45953:248_249;249_250;250_251
1071,718255.PRJNA45953:2841_2842;2852_2853
1072,718255.PRJNA45953:2865_2866
1073,718255.PRJNA45953:2554_2555
1074,718255.PRJNA45953:2555_2556
1075,718255.PRJNA45953:3553_3554;3564_3565
1076,718255.PRJNA45953:415_416
1077,718255.PRJNA45953:2984_2985;2986_2987
1078,718255.PRJNA45953:2991_2992
1079,718255.PRJNA45953:3323_3324;3324_3325;3325_3326;3326_3327;3327_3328;3328_3329;3329_3330;3330_3331;3331_3332;3332_3333;3333_3334;3334_3335;3335_3336;3336_3337;3337_3338;3338_3339;3339_3340;3340_3341
1080,718255.PRJNA45953:2691_2692;2692_2693;2693_2694;2694_2696;2696_2697;2698_2699;2699_2700;2700_2701
1081,718255.PRJNA45953:3734_3735
1082,718255.PRJNA45953:3735_3736
1083,718255.PRJNA45953:3752_3753;3753_3754
1084,718255.PRJNA45953:2793_2795;2795_2796
1085,718255.PRJNA45953:2866_2867
1086,718255.PRJNA45953:2797_2799;2799_2800
1087,718255.PRJNA45953:3306_3308;3308_3309;3309_3310;3310_3311;3311_3312;3312_3313
1088,718255.PRJNA45953:3298_3300;3300_3302;3302_3304;3304_3306
1089,718255.PRJNA45953:3313_3314
1090,718255.PRJNA45953:2558_2559;2559_2560;2560_2561
1091,718255.PRJNA45953:2561_2562;2562_2563;2563_2564;2564_2565
1092,718255.PRJNA45953:2827_2828;2828_2829;2829_2830;2830_2831
1093,718255.PRJNA45953:2821_2822;2822_2823;2823_2824;2824_2825
1094,718255.PRJNA45953:2817_2818;2818_2819
1095,718255.PRJNA45953:2566_2568;2568_2569
1096,718255.PRJNA45953:2557_2558;2831_2832;2832_2833
1097,718255.PRJNA45953:2556_2557
1098,718255.PRJNA45953:2569_2570;2570_2571;2571_2572;2572_2573;2573_2574;2574_2575
1099,718255.PRJNA45953:1833_1834;1839_1840;1843_1844;1871_1872;1872_1873
1100,718255.PRJNA45953:1854_1855;1855_1856;1856_1857;1857_1858;1860_1861;1863_1864;1864_1865;1865_1866;1866_1867;1867_1868;1868_1869;1869_1870
1101,718255.PRJNA45953:1870_1871
1102,718255.PRJNA45953:468_469;469_470;470_471;471_472;472_473
1103,718255.PRJNA45953:466_467;467_468;473_474
1104,718255.PRJNA45953:2816_2817
1105,718255.PRJNA45953:3739_3740
1106,718255.PRJNA45953:3740_3741
1107,718255.PRJNA45953:2873_2874;2874_2875;2875_2876;2876_2877;2877_2878;2878_2879;2879_2880;2880_2881;2881_2882;2882_2883;2883_2884
1108,718255.PRJNA45953:3055_3056;3056_3057;3057_3058;3058_3059
1109,718255.PRJNA45953:3054_3055
1110,718255.PRJNA45953:2805_2806;2806_2807;2807_2808
1111,718255.PRJNA45953:2808_2809;2809_2810;2813_2814;2814_2815;2815_2816
1112,718255.PRJNA45953:3986_3987;3988_3989
1113,718255.PRJNA45953:306_307;307_308;3060_3061;3061_3062;3062_3064;3524_3526;3527_3528;3528_3529;3529_3530
1114,718255.PRJNA45953:3344_3345
1115,718255.PRJNA45953:3987_3988
1116,718255.PRJNA45953:1882_1883;3345_3346;3346_3348;3348_3349;3349_3350;3350_3351;3351_3352;3352_3353;3353_3354;3354_3355;3355_3356;3356_3357;3357_3358
1117,718255.PRJNA45953:3052_3053
1118,718255.PRJNA45953:2205_2206
1119,718255.PRJNA45953:4120_4121;4121_4123;4123_4124
1120,718255.PRJNA45953:429_431;431_432
1121,718255.PRJNA45953:3004_3006;3006_3007;3042_3044;3044_3046;3046_3048;3048_3049
1122,718255.PRJNA45953:3034_3035
1123,718255.PRJNA45953:2996_2997;2997_2998;2998_2999;2999_3001;3001_3002
1124,718255.PRJNA45953:3002_3003
1125,718255.PRJNA45953:3541_3543
1126,718255.PRJNA45953:1606_1608
1127,718255.PRJNA45953:1608_1609
1128,718255.PRJNA45953:1596_1597;1597_1598
1129,718255.PRJNA45953:1598_1599
1130,718255.PRJNA45953:1605_1606
1131,718255.PRJNA45953:1603_1604;1604_1605
1132,718255.PRJNA45953:1600_1602
1133,718255.PRJNA45953:1602_1603
1134,718255.PRJNA45953:1875_1876
1135,718255.PRJNA45953:1845_1846;1846_1847;1847_1848;1848_1849;1849_1850
1136,718255.PRJNA45953:1850_1851
1137,718255.PRJNA45953:1851_1852
1138,718255.PRJNA45953:1852_1853
1139,718255.PRJNA45953:1853_1854
1140,718255.PRJNA45953:1593_1594;1594_1595
1141,718255.PRJNA45953:1873_1874
1142,718255.PRJNA45953:1874_1875
1143,718255.PRJNA45953:3317_3318;3318_3319;3319_3320;3320_3322
1144,718255.PRJNA45953:3322_3323
1145,718255.PRJNA45953:2908_2909;2909_2910;2914_2915;2915_2916;2916_2917;2917_2918
1146,718255.PRJNA45953:2918_2919;2919_2920;2923_2924;2924_2925;2925_2926;2926_2927;2931_2932;2937_2938;2939_2940;2941_2942;2942_2943;2943_2944;2944_2945;2945_2946
1147,718255.PRJNA45953:2927_2928
1148,718255.PRJNA45953:2935_2936
1149,718255.PRJNA45953:2913_2914
1150,718255.PRJNA45953:2868_2869
1151,718255.PRJNA45953:2920_2922
1152,718255.PRJNA45953:3538_3539;3539_3540;3540_3541
1153,718255.PRJNA45953:1590_1591;1609_1610;1611_1612;1612_1613;1613_1614;1617_1618;1618_1619;3530_3531
1154,718255.PRJNA45953:146_147;147_148;148_149;149_150;150_151;151_152;152_153;153_154;154_155;164_165;170_171;4273_4274;4280_4281;4284_4285;4285_4286
1155,718255.PRJNA45953:4283_4284
1156,718255.PRJNA45953:1692_1693
1157,718255.PRJNA45953:1862_1863
1158,420247.PRJNA18653:1317_1318;1320_1322
1159,420247.PRJNA18653:1544_1546;1546_1547
1160,420247.PRJNA18653:511_512;513_515
1161,420247.PRJNA18653:1065_1066;1066_1067
1162,420247.PRJNA18653:1067_1068
1163,420247.PRJNA18653:1083_1084
1164,420247.PRJNA18653:1085_1086
1165,420247.PRJNA18653:1086_1087
1166,420247.PRJNA18653:1312_1313;1651_1652
1167,420247.PRJNA18653:1294_1295
1168,420247.PRJNA18653:1303_1304
1169,420247.PRJNA18653:1314_1315
1170,420247.PRJNA18653:1295_1296;1309_1310
1171,420247.PRJNA18653:1076_1077;1078_1079;1091_1092;1092_1093;1094_1095;1095_1096;1096_1097;1097_1098;1098_1099;1304_1305;1313_1314
1172,420247.PRJNA18653:1327_1328
1173,420247.PRJNA18653:1080_1081
1174,420247.PRJNA18653:1631_1632;1650_1651
1175,420247.PRJNA18653:1643_1644
1176,420247.PRJNA18653:1194_1196
1177,411473.PRJNA18185:1229_1230;1235_1237
1178,411473.PRJNA18185:610_611
1179,411473.PRJNA18185:1237_1238
1180,411473.PRJNA18185:1250_1251
1181,411473.PRJNA18185:1249_1250
1182,411473.PRJNA18185:1245_1247
1183,411473.PRJNA18185:3043_3044
1184,411473.PRJNA18185:3044_3045
1185,411473.PRJNA18185:279_280
1186,411473.PRJNA18185:2241_2243
1187,411473.PRJNA18185:187_188
1188,411473.PRJNA18185:2461_2462
1189,411473.PRJNA18185:914_915;915_917
1190,411473.PRJNA18185:1589_1590
1191,411473.PRJNA18185:1978_1979;2554_2555
1192,411473.PRJNA18185:1327_1329;1329_1330;1335_1336
1193,411473.PRJNA18185:2767_2768
1194,411473.PRJNA18185:186_187
1195,411473.PRJNA18185:2452_2455
1196,411473.PRJNA18185:1197_1200
1197,411473.PRJNA18185:1204_1205
1198,411473.PRJNA18185:1205_1207
1199,411473.PRJNA18185:1200_1204
1200,411473.PRJNA18185:2101_2103;2105_2106
1201,411473.PRJNA18185:1192_1194
1202,411473.PRJNA18185:1194_1196
1203,411473.PRJNA18185:531_532;2352_2358;2585_2586
1204,411473.PRJNA18185:93_94
1205,411473.PRJNA18185:1185_1189
1206,411473.PRJNA18185:1189_1190
1207,411473.PRJNA18185:1190_1191
1208,411473.PRJNA18185:2758_2766
1209,411473.PRJNA18185:2766_2767
1210,411473.PRJNA18185:2753_2755;2756_2758
1211,411473.PRJNA18185:2751_2753
1212,411473.PRJNA18185:282_283;446_448
1213,411473.PRJNA18185:2983_2985;2985_2986
1214,411473.PRJNA18185:2982_2983
1215,411473.PRJNA18185:184_185
1216,411473.PRJNA18185:185_186
1217,411473.PRJNA18185:1610_1612
1218,411473.PRJNA18185:2556_2558
1219,411473.PRJNA18185:859_860
1220,1262915.PRJEB798:1301_1304;1313_1314
1221,1262915.PRJEB798:1173_1174
1222,1262915.PRJEB798:1174_1175
1223,1262915.PRJEB798:1034_1035
1224,1262915.PRJEB798:1404_1405
1225,1262915.PRJEB798:505_508
1226,1262915.PRJEB798:846_847;851_869
1227,1262915.PRJEB798:850_851
1228,1262915.PRJEB798:269_270;429_432
1229,1262915.PRJEB798:446_447
1230,1262915.PRJEB798:1800_1801
1231,1262915.PRJEB798:748_749
1232,1262915.PRJEB798:286_295
1233,1262915.PRJEB798:779_783
1234,1262915.PRJEB798:783_784
1235,1262915.PRJEB798:419_421
1236,1262915.PRJEB798:1616_1617
1237,1262915.PRJEB798:158_164;1222_1225
1238,1262915.PRJEB798:1474_1476
1239,1262915.PRJEB798:1205_1206
1240,1262915.PRJEB798:100_108
1241,1262915.PRJEB798:493_495;498_504
1242,1262915.PRJEB798:1667_1668
1243,1262915.PRJEB798:1809_1810
1244,1262915.PRJEB798:282_283
1245,1262915.PRJEB798:283_286
1246,1262915.PRJEB798:1037_1038
1247,1262915.PRJEB798:1659_1662
1248,1262915.PRJEB798:618_619
1249,1262915.PRJEB798:1165_1166
1250,1262915.PRJEB798:1167_1168
1251,1262915.PRJEB798:272_274;1725_1728
1252,1262915.PRJEB798:245_246
1253,1262915.PRJEB798:186_187
1254,1262915.PRJEB798:395_403
1255,1262915.PRJEB798:239_240
1256,1262915.PRJEB798:77_78
1257,1262915.PRJEB798:937_940
1258,1262915.PRJEB798:940_941
1259,1262915.PRJEB798:934_935
1260,1262915.PRJEB798:578_580
1261,1262915.PRJEB798:1329_1330
1262,1262915.PRJEB798:1392_1393
1263,1262915.PRJEB798:592_593
1264,562.PRJNA242851:1503_1504;3061_3062
1265,562.PRJNA242851:3457_3458;3460_3461
1266,562.PRJNA242851:5156_5157;5157_5158
1267,562.PRJNA242851:1108_1112;5161_5162
1268,562.PRJNA242851:5146_5147;5148_5149
1269,562.PRJNA242851:5149_5151
1270,562.PRJNA242851:3456_3457
1271,562.PRJNA242851:5164_5165
1272,562.PRJNA242851:3470_3471
1273,562.PRJNA242851:405_406;1757_1758;2353_2354
1274,562.PRJNA242851:4919_4920;4921_4922
1275,562.PRJNA242851:1085_1086;5133_5134;5135_5136
1276,562.PRJNA242851:5132_5133
1277,562.PRJNA242851:5144_5146
1278,562.PRJNA242851:3462_3463
1279,562.PRJNA242851:3539_3540
1280,562.PRJNA242851:5128_5129;5134_5135
1281,562.PRJNA242851:3458_3460;3461_3462
1282,562.PRJNA242851:377_378;579_580;3307_3309
1283,562.PRJNA242851:4265_4267
1284,562.PRJNA242851:5188_5189
1285,562.PRJNA242851:5189_5190
1286,562.PRJNA242851:2355_2356
1287,562.PRJNA242851:601_602;603_604
1288,562.PRJNA242851:613_614
1289,562.PRJNA242851:1840_1841
1290,562.PRJNA242851:3298_3299;3306_3307
1291,562.PRJNA242851:23_24;574_575;5034_5035
1292,562.PRJNA242851:644_645;1140_1141;1691_1692;3296_3297;4220_4221;4222_4224;4224_4225;4668_4669;4672_4673;4673_4674;5089_5090
1293,562.PRJNA242851:1080_1082
1294,562.PRJNA242851:1799_1800
1295,562.PRJNA242851:26_27
1296,562.PRJNA242851:584_585
1297,562.PRJNA242851:1055_1056;1056_1057
1298,562.PRJNA242851:3511_3512;3512_3513;3514_3515
1299,562.PRJNA242851:2342_2343;2343_2344;2357_2358
1300,562.PRJNA242851:3468_3469
1301,562.PRJNA242851:4267_4268;4270_4271
1302,562.PRJNA242851:4263_4265
1303,562.PRJNA242851:4617_4618
1304,562.PRJNA242851:3587_3588;4098_4099
1305,562.PRJNA242851:4320_4322;4322_4323
1306,562.PRJNA242851:4537_4538;4543_4544
1307,562.PRJNA242851:3866_3867
1308,562.PRJNA242851:3616_3617
1309,562.PRJNA242851:5100_5101;5101_5102;5103_5104
1310,562.PRJNA242851:2334_2335
1311,562.PRJNA242851:4836_4837
1312,1504823.PRJEB6481:580_583;584_587
1313,1504823.PRJEB6481:583_584
1314,1504823.PRJEB6481:470_471;1792_1793;2158_2159
1315,1504823.PRJEB6481:2749_2750
1316,1504823.PRJEB6481:975_976
1317,1504823.PRJEB6481:976_977
1318,1504823.PRJEB6481:1955_1956
1319,1504823.PRJEB6481:1945_1946
1320,1504823.PRJEB6481:2276_2277
1321,1504823.PRJEB6481:2391_2393
1322,1504823.PRJEB6481:1960_1963
1323,1504823.PRJEB6481:1958_1959
1324,1504823.PRJEB6481:1959_1960
1325,1504823.PRJEB6481:1964_1965
1326,1504823.PRJEB6481:1965_1968
1327,1504823.PRJEB6481:1963_1964
1328,1504823.PRJEB6481:2535_2536
1329,1504823.PRJEB6481:2536_2537
1330,1504823.PRJEB6481:2537_2538
1331,1504823.PRJEB6481:2538_2539
1332,1504823.PRJEB6481:2539_2542
1333,1504823.PRJEB6481:2542_2545
1334,1504823.PRJEB6481:2545_2552
1335,1504823.PRJEB6481:2557_2559
1336,1504823.PRJEB6481:2552_2553
1337,1504823.PRJEB6481:2553_2555
1338,1504823.PRJEB6481:2555_2556
1339,1504823.PRJEB6481:2556_2557
1340,1504823.PRJEB6481:2075_2076;2077_2078;2078_2079;2079_2080
1341,1504823.PRJEB6481:1269_1271
1342,470146.PRJNA20525:935_936;940_941;941_942;942_943
1343,470146.PRJNA20525:1315_1316;1316_1317;1317_1318;1318_1319;1319_1320;1320_1321
1344,470146.PRJNA20525:1321_1326
1345,470146.PRJNA20525:553_554;554_555;555_556
1346,470146.PRJNA20525:559_560
1347,470146.PRJNA20525:563_564
1348,470146.PRJNA20525:556_557
1349,470146.PRJNA20525:307_308;308_309;309_310;310_311
1350,470146.PRJNA20525:2424_2425
1351,470146.PRJNA20525:2751_2752
1352,470146.PRJNA20525:298_299;299_300;300_301;301_302;302_303
1353,470146.PRJNA20525:304_305
1354,470146.PRJNA20525:313_314;314_315
1355,470146.PRJNA20525:303_304
1356,470146.PRJNA20525:2771_2774;2774_2775;2775_2778;2778_2780;2781_2782;2782_2783;2783_2784
1357,470146.PRJNA20525:2784_2785;2785_2786;2786_2787;2787_2788;2788_2789;2789_2790
1358,470146.PRJNA20525:2767_2771
1359,470146.PRJNA20525:1482_1483;1483_1484
1360,470146.PRJNA20525:1485_1486;1486_1487;1487_1488
1361,470146.PRJNA20525:1476_1479;1479_1482;1484_1485;1488_1489;1489_1490;1490_1491;2104_2106;2106_2107;2107_2108
1362,470146.PRJNA20525:934_935;943_944
1363,470146.PRJNA20525:955_956;956_957;957_958;958_959;959_960
1364,470146.PRJNA20525:928_929;929_930;933_934;944_945;945_946
1365,470146.PRJNA20525:946_947;947_948;948_949;949_950;950_951;952_953;954_955
1366,470146.PRJNA20525:920_921;922_923;924_925;925_926
1367,470146.PRJNA20525:951_952
1368,470146.PRJNA20525:953_954
1369,470146.PRJNA20525:961_962
1370,470146.PRJNA20525:930_931
1371,470146.PRJNA20525:917_918
1372,470146.PRJNA20525:915_916
1373,470146.PRJNA20525:29_30;67_68
1374,470146.PRJNA20525:1273_1274;1274_1275;1275_1276
1375,470146.PRJNA20525:2815_2816;2816_2817
1376,470146.PRJNA20525:1821_1822;3063_3064
1377,470146.PRJNA20525:659_660;660_661;661_662
1378,470146.PRJNA20525:657_658
1379,470146.PRJNA20525:2932_2933;2933_2936
1380,470146.PRJNA20525:2936_2937
1381,470146.PRJNA20525:962_963
1382,470146.PRJNA20525:964_965;965_966;2393_2394;2925_2926;2926_2927;2927_2928;2928_2929
1383,470146.PRJNA20525:963_964
1384,470146.PRJNA20525:2191_2192
1385,470146.PRJNA20525:2823_2824
1386,470146.PRJNA20525:968_970
1387,470146.PRJNA20525:970_971
1388,470146.PRJNA20525:971_972
1389,470146.PRJNA20525:966_967;967_968;2938_2939
1390,470146.PRJNA20525:2939_2941;2941_2942
1391,470146.PRJNA20525:2937_2938
1392,470146.PRJNA20525:1256_1257
1393,470146.PRJNA20525:1257_1258
1394,470146.PRJNA20525:859_860
1395,470146.PRJNA20525:2558_2559
1396,470146.PRJNA20525:2312_2314
1397,470146.PRJNA20525:1259_1260
1398,470146.PRJNA20525:101_102
1399,470146.PRJNA20525:3009_3010;3010_3011
1400,470146.PRJNA20525:3008_3009
1401,470146.PRJNA20525:2997_2998;2998_2999
1402,470146.PRJNA20525:3004_3005;3005_3006
1403,470146.PRJNA20525:3020_3021
1404,470146.PRJNA20525:2999_3002
1405,470146.PRJNA20525:1283_1284;1284_1285;1285_1286;1286_1287;1287_1288;1288_1289;1289_1290;1290_1291;1291_1292;1292_1293;1293_1294;1294_1295;1295_1296;1296_1297;1297_1298;1298_1299;1299_1300;1300_1301;1301_1302;1302_1303;1303_1304;1304_1305;1305_1306;1306_1307;1307_1308;1308_1309;1309_1310;1310_1311;1311_1312;1312_1313;1313_1314;1326_1327;1327_1328;1328_1329;1329_1330;1330_1331;1331_1332;1332_1333;1333_1334;1334_1335;1335_1336;1336_1337;1337_1338;1338_1339;1339_1340;1340_1341;1341_1342;1342_1343;1343_1344;1344_1345;1345_1346;1346_1347;1352_1353;1353_1354;1354_1355;1355_1356;1356_1357;1359_1360;1360_1361;1361_1362;1362_1363;1363_1364;1364_1365;1366_1367;1367_1368;1368_1369;1369_1370;1370_1371;1372_1373;1374_1375;1375_1376;1376_1377
1406,470146.PRJNA20525:1314_1315
1407,470146.PRJNA20525:2301_2302;2303_2304;2304_2305;2305_2306
1408,470146.PRJNA20525:2307_2308
1409,470146.PRJNA20525:836_837;837_838;838_839;839_840;841_842;843_844;846_849;850_851;851_854
1410,470146.PRJNA20525:855_856;856_859
1411,470146.PRJNA20525:842_843;845_846
1412,470146.PRJNA20525:849_850
1413,470146.PRJNA20525:1214_1215;1215_1216;1216_1219;1219_1220
1414,470146.PRJNA20525:1212_1213
1415,470146.PRJNA20525:829_830
1416,470146.PRJNA20525:321_322
1417,470146.PRJNA20525:3044_3045
1418,518637.PRJNA29269:1865_1866
1419,518637.PRJNA29269:1866_1867
1420,518637.PRJNA29269:2213_2215
1421,518637.PRJNA29269:1020_1021
1422,518637.PRJNA29269:1340_1342
1423,518637.PRJNA29269:1195_1202;1253_1256;1259_1267;1286_1287;1316_1317
1424,518637.PRJNA29269:1256_1257
1425,518637.PRJNA29269:1257_1258
1426,518637.PRJNA29269:1258_1259
1427,518637.PRJNA29269:1290_1294;1294_1301;1303_1310
1428,518637.PRJNA29269:1301_1303
1429,518637.PRJNA29269:1335_1336
1430,518637.PRJNA29269:1313_1315
1431,518637.PRJNA29269:2099_2102
1432,518637.PRJNA29269:1411_1413
1433,518637.PRJNA29269:1862_1864
1434,518637.PRJNA29269:1413_1415
1435,518637.PRJNA29269:720_722;722_723
1436,518637.PRJNA29269:1857_1859
1437,518637.PRJNA29269:1860_1862
1438,518637.PRJNA29269:1870_1871
1439,518637.PRJNA29269:1871_1873
1440,518637.PRJNA29269:196_197
1441,518637.PRJNA29269:197_198
1442,518637.PRJNA29269:191_195
1443,518637.PRJNA29269:195_196
1444,518637.PRJNA29269:2029_2031;2147_2151
1445,518637.PRJNA29269:1864_1865
1446,518637.PRJNA29269:2102_2104
1447,518637.PRJNA29269:80_81
1448,518637.PRJNA29269:2409_2412
1449,518637.PRJNA29269:1409_1411
1450,518637.PRJNA29269:1561_1563
1451,518637.PRJNA29269:493_496
1452,1122217.PRJNA182392:435_436;436_437;437_438
1453,1122217.PRJNA182392:1577_1580;1580_1583
1454,1122217.PRJNA182392:1657_1660;1660_1664
1455,1122217.PRJNA182392:61_62;163_164;871_872;927_928;1665_1666
1456,1122217.PRJNA182392:2085_2092
1457,1122217.PRJNA182392:294_299;299_301;1275_1278
1458,1122217.PRJNA182392:1373_1374
1459,1122217.PRJNA182392:1384_1385
1460,1122217.PRJNA182392:309_312
1461,1122217.PRJNA182392:480_482;482_499
1462,1122217.PRJNA182392:1897_1899
1463,1122217.PRJNA182392:1910_1912
1464,1122217.PRJNA182392:1901_1902
1465,1122217.PRJNA182392:62_63
1466,1122217.PRJNA182392:1479_1480;1617_1618;1746_1747
1467,1122217.PRJNA182392:616_617
1468,1122217.PRJNA182392:1933_1934
1469,1122217.PRJNA182392:1899_1901
1470,1122217.PRJNA182392:1549_1557
1471,1122217.PRJNA182392:116_117
1472,1122217.PRJNA182392:867_868;868_870
1473,1122217.PRJNA182392:1483_1484;1484_1491
1474,1122217.PRJNA182392:2042_2043
1475,1122217.PRJNA182392:1324_1325
1476,1122217.PRJNA182392:748_750
1477,1122217.PRJNA182392:1624_1625
1478,1122217.PRJNA182392:1521_1522;1524_1526
1479,1122217.PRJNA182392:1542_1543;1545_1546
1480,1203554.PRJNA169488:812_815;835_841
1481,1203554.PRJNA169488:670_682
1482,1203554.PRJNA169488:2787_2788
1483,1203554.PRJNA169488:1320_1321;2784_2787
1484,1203554.PRJNA169488:319_320
1485,1203554.PRJNA169488:1194_1195
1486,1203554.PRJNA169488:2801_2802
1487,1203554.PRJNA169488:2276_2279
1488,1203554.PRJNA169488:448_450;752_753;2457_2458
1489,1203554.PRJNA169488:337_338
1490,1203554.PRJNA169488:2230_2232
1491,1203554.PRJNA169488:2302_2311
1492,1203554.PRJNA169488:1018_1020;2967_2968
1493,1203554.PRJNA169488:2703_2710
1494,1203554.PRJNA169488:167_169;581_582;844_845;2205_2207
1495,1203554.PRJNA169488:2015_2017
1496,1203554.PRJNA169488:1996_2001
1497,1203554.PRJNA169488:1203_1204
1498,1203554.PRJNA169488:2975_2981
1499,1203554.PRJNA169488:1195_1203
1500,1203554.PRJNA169488:733_740;788_789
1501,1203554.PRJNA169488:740_741
1502,1203554.PRJNA169488:847_848
1503,1203554.PRJNA169488:764_767
1504,1203554.PRJNA169488:767_768
1505,1203554.PRJNA169488:768_769
1506,1203554.PRJNA169488:338_339;845_847;2443_2445
1507,1203554.PRJNA169488:776_777
1508,1203554.PRJNA169488:1176_1177
1509,1203554.PRJNA169488:1797_1798
1510,1203554.PRJNA169488:1097_1098
1511,1203554.PRJNA169488:2731_2732;2732_2733
1512,1203554.PRJNA169488:1469_1471;2062_2064
1513,1203554.PRJNA169488:2697_2702;2702_2703
1514,1203554.PRJNA169488:723_724;2141_2143;2684_2685
1515,1203554.PRJNA169488:1707_1708
1516,1203554.PRJNA169488:455_458
1517,1203554.PRJNA169488:2878_2879;2879_2881;2881_2886
1518,1203554.PRJNA169488:541_543;1321_1324
1519,1203554.PRJNA169488:1491_1492
1520,1203554.PRJNA169488:2717_2721;2721_2722
1521,1203554.PRJNA169488:1426_1427
1522,1203554.PRJNA169488:880_882;883_889;889_890
1523,1203554.PRJNA169488:38_39
1524,1203554.PRJNA169488:912_913
1525,1203554.PRJNA169488:2077_2079
1526,1203554.PRJNA169488:2590_2598
1527,1203554.PRJNA169488:14_15
1528,1203554.PRJNA169488:2293_2294
1529,511680.PRJNA28999:1059_1061
1530,511680.PRJNA28999:1061_1067
1531,511680.PRJNA28999:1083_1086;1090_1094
1532,511680.PRJNA28999:1086_1090
1533,511680.PRJNA28999:2186_2189;2189_2190
1534,511680.PRJNA28999:1138_1139;1139_1140;1141_1142;1142_1143;1589_1590;2074_2075;2094_2095;2096_2100;2100_2101
1535,511680.PRJNA28999:2083_2084;2084_2085
1536,511680.PRJNA28999:2092_2093
1537,511680.PRJNA28999:2086_2087
1538,511680.PRJNA28999:1154_1156;1163_1166;1166_1167;1176_1177
1539,511680.PRJNA28999:1156_1158
1540,511680.PRJNA28999:1161_1162
1541,511680.PRJNA28999:2210_2211
1542,511680.PRJNA28999:2223_2224
1543,511680.PRJNA28999:1055_1056
1544,511680.PRJNA28999:1173_1176
1545,657321.PRJNA39153:2163_2164
1546,657321.PRJNA39153:2164_2165
1547,657321.PRJNA39153:60_62;64_66
1548,657321.PRJNA39153:63_64
1549,657321.PRJNA39153:66_70;80_97
1550,657321.PRJNA39153:97_103
1551,657321.PRJNA39153:2192_2193;2193_2196
1552,657321.PRJNA39153:299_301;303_304;316_321
1553,657321.PRJNA39153:30_31
1554,657321.PRJNA39153:2145_2146;2157_2159;2160_2161
1555,657321.PRJNA39153:2166_2173
1556,657321.PRJNA39153:71_72
1557,1121098.PRJDB570:1451_1452;1454_1455
1558,1121098.PRJDB570:2160_2161
1559,1121098.PRJDB570:1461_1464;1467_1470;2443_2446;4434_4435
1560,1121098.PRJDB570:4435_4436
1561,1121098.PRJDB570:1452_1454
1562,1121098.PRJDB570:1464_1465
1563,1121098.PRJDB570:1787_1788
1564,1121098.PRJDB570:2446_2447
1565,1121098.PRJDB570:2368_2369;2369_2370;2370_2371
1566,1121098.PRJDB570:2371_2373
1567,1121098.PRJDB570:2373_2374
1568,1121098.PRJDB570:2715_2717
1569,1121098.PRJDB570:982_983;983_985;985_987;987_989;989_990;990_991;991_993;993_994;994_995;995_996;996_998;998_1000;1000_1002;1002_1003;1003_1005;1005_1007;1007_1008;1016_1017;1017_1018;1018_1019;1019_1021;1021_1022;1022_1023;1023_1024;1040_1041;1041_1042
1570,1121098.PRJDB570:4440_4441
1571,1121098.PRJDB570:438_439
1572,1121098.PRJDB570:2211_2212
1573,1121098.PRJDB570:1784_1785;1785_1786;1786_1787
1574,1121098.PRJDB570:645_646;646_647;647_648
1575,1121098.PRJDB570:640_641;641_642;642_643;643_644
1576,1121098.PRJDB570:4194_4195;4195_4196;4196_4197;4197_4198;4198_4199;4200_4201;4201_4202
1577,1121098.PRJDB570:2542_2544;2544_2547;2547_2549;2549_2551;2551_2553;2553_2555;2555_2557;2557_2558;4403_4405;4405_4407;4407_4409;4409_4411;4411_4413
1578,1121098.PRJDB570:3607_3608;3610_3611;3614_3615;3615_3616;3616_3617;3617_3618;3618_3619;3619_3620;3621_3622;3623_3624;3628_3629;3629_3630;3630_3631;3631_3632;3632_3633;3633_3634;3636_3637
1579,1121098.PRJDB570:3625_3626;3626_3627
1580,1121098.PRJDB570:2633_2634;2634_2636;2636_2638;2648_2649;2780_2781;2781_2782;2782_2783;2783_2784;2784_2785;2785_2786;2786_2787;4392_4393;4395_4396;4398_4399;4399_4400;4400_4401;4401_4402;4402_4403
1581,1121098.PRJDB570:2214_2215;4337_4344;4344_4347
1582,1121098.PRJDB570:726_727;727_728;728_729
1583,1121098.PRJDB570:2486_2487;2487_2488;2488_2489;2489_2490;2490_2491;2491_2493;2493_2495;2495_2497;2497_2498
1584,1121098.PRJDB570:2558_2560;2560_2561
1585,1121098.PRJDB570:2264_2266;2266_2268;2268_2270;2270_2271;2271_2273;2273_2275;2275_2276;2501_2502;2502_2504;2504_2506;2506_2508;2508_2509;2509_2511;2511_2513;2513_2514;2514_2515;2515_2516;2516_2517;2517_2518;2518_2520;2520_2521;2521_2522
1586,1121098.PRJDB570:556_557;2276_2277;2376_2377;2377_2378
1587,1121098.PRJDB570:359_360;360_361;361_362;415_416;416_418;418_420;587_588;588_589;589_590;590_591;626_627;717_718;718_719;719_720;730_731;731_732;757_758;758_759;759_760;760_761;761_762;1123_1124;1187_1188;1195_1196;1231_1233;1316_1317;1317_1318;1936_1937;1937_1938;1938_1939;1939_1940;1940_1941;1941_1942;2241_2242;2243_2244;2244_2245;2470_2471;2471_2472;2837_2838;2838_2839;2839_2840;3542_3543;3543_3545;3545_3546;3730_3731;3874_3875;3875_3876;3876_3877;3877_3878;3878_3879;3879_3880;3881_3882;4331_4332;4332_4333;4333_4334;4334_4335
1588,1121098.PRJDB570:1709_1712
1589,1121098.PRJDB570:1458_1459
1590,1121098.PRJDB570:551_553
1591,1121098.PRJDB570:4441_4442
1592,1121098.PRJDB570:1788_1789
1593,1121098.PRJDB570:4436_4437
1594,1121098.PRJDB570:444_445
1595,1121098.PRJDB570:1474_1475
1596,1121098.PRJDB570:554_556
1597,349741.PRJNA20089:83_84
1598,349741.PRJNA20089:84_86
1599,349741.PRJNA20089:2532_2547
1600,349741.PRJNA20089:2626_2627
1601,349741.PRJNA20089:2528_2529
1602,349741.PRJNA20089:1612_1616;1616_1617;1618_1629
1603,349741.PRJNA20089:1637_1643
1604,349741.PRJNA20089:1617_1618
1605,349741.PRJNA20089:1632_1633
1606,349741.PRJNA20089:2439_2443;2443_2444
1607,349741.PRJNA20089:863_865
1608,349741.PRJNA20089:865_866
1609,349741.PRJNA20089:731_734
1610,349741.PRJNA20089:2100_2103;2103_2104;2104_2105
1611,349741.PRJNA20089:1083_1085;1085_1087
1612,349741.PRJNA20089:2620_2621
1613,349741.PRJNA20089:2628_2629
1614,349741.PRJNA20089:1373_1375
1615,349741.PRJNA20089:1328_1329
1616,349741.PRJNA20089:1382_1384
1617,349741.PRJNA20089:747_748
1618,349741.PRJNA20089:2261_2262
1619,349741.PRJNA20089:206_207
1620,349741.PRJNA20089:931_932
1621,349741.PRJNA20089:44_45
1622,349741.PRJNA20089:578_579;579_580;580_581
1623,349741.PRJNA20089:266_267
1624,349741.PRJNA20089:109_111;1368_1371
1625,349741.PRJNA20089:760_761
1626,349741.PRJNA20089:134_138
1627,349741.PRJNA20089:585_586
1628,349741.PRJNA20089:216_217
1629,349741.PRJNA20089:1994_1995
1630,349741.PRJNA20089:1611_1612;1643_1644
1631,349741.PRJNA20089:1629_1631
1632,349741.PRJNA20089:1631_1632
1633,349741.PRJNA20089:1375_1379
1634,349741.PRJNA20089:1570_1579
1635,349741.PRJNA20089:756_758
1636,349741.PRJNA20089:710_711
1637,349741.PRJNA20089:713_715
1638,349741.PRJNA20089:1371_1372
1639,349741.PRJNA20089:1372_1373
1640,349741.PRJNA20089:1170_1172
1641,349741.PRJNA20089:2010_2011
1642,349741.PRJNA20089:2030_2036
1643,349741.PRJNA20089:2094_2095
1644,349741.PRJNA20089:2128_2129
1645,349741.PRJNA20089:1168_1169
1646,349741.PRJNA20089:1169_1170
1647,349741.PRJNA20089:961_966
1648,349741.PRJNA20089:1007_1009
1649,349741.PRJNA20089:1066_1067
1650,349741.PRJNA20089:179_180;686_689;689_692;1329_1334
1651,349741.PRJNA20089:1221_1222
1652,349741.PRJNA20089:17_19
1653,349741.PRJNA20089:45_46
1654,349741.PRJNA20089:805_809
1655,349741.PRJNA20089:1700_1703
1656,349741.PRJNA20089:2260_2261
1657,349741.PRJNA20089:712_713
1658,742765.PRJNA46407:3127_3128;3139_3141
1659,742765.PRJNA46407:3143_3144
1660,742765.PRJNA46407:3122_3125;3125_3126
1661,742765.PRJNA46407:3126_3127
1662,742765.PRJNA46407:3146_3149;3149_3152;3152_3155;3155_3158;3158_3161;3161_3163;3163_3166;3166_3168
1663,742765.PRJNA46407:366_368
1664,742765.PRJNA46407:3168_3172
1665,742765.PRJNA46407:1631_1632
1666,742765.PRJNA46407:3660_3661
1667,742765.PRJNA46407:3453_3454
1668,742765.PRJNA46407:9_10
1669,742765.PRJNA46407:1402_1403
1670,742765.PRJNA46407:605_607;607_609
1671,742765.PRJNA46407:609_610
1672,742765.PRJNA46407:1706_1707
1673,742765.PRJNA46407:1610_1612
1674,742765.PRJNA46407:108_109;2192_2193;3321_3322
1675,742765.PRJNA46407:329_330
1676,742765.PRJNA46407:940_941
1677,742765.PRJNA46407:941_942
1678,742765.PRJNA46407:939_940
1679,742765.PRJNA46407:15_16
1680,742765.PRJNA46407:944_946
1681,742765.PRJNA46407:1645_1646
1682,742765.PRJNA46407:3471_3474;3474_3478
1683,742765.PRJNA46407:40_42
1684,742765.PRJNA46407:96_98;2918_2919
1685,742765.PRJNA46407:2229_2231
1686,742765.PRJNA46407:2231_2232
1687,742765.PRJNA46407:3128_3131;3131_3134;3134_3136
1688,742765.PRJNA46407:3136_3139
1689,742765.PRJNA46407:933_934
1690,742765.PRJNA46407:935_936
1691,742765.PRJNA46407:927_930
1692,742765.PRJNA46407:1445_1447;1447_1448
1693,742765.PRJNA46407:1441_1442;1443_1444
1694,742765.PRJNA46407:68_69
1695,742765.PRJNA46407:776_777
1696,742765.PRJNA46407:2784_2786
1697,742765.PRJNA46407:2571_2572
1698,742765.PRJNA46407:763_764;770_773
1699,742765.PRJNA46407:2928_2931
1700,742765.PRJNA46407:2413_2414;2421_2422;2422_2423
1701,742765.PRJNA46407:2426_2427
1702,742765.PRJNA46407:881_882
1703,742765.PRJNA46407:937_938;938_939
1704,742765.PRJNA46407:2428_2429
1705,742765.PRJNA46407:2760_2762
1706,742765.PRJNA46407:2762_2763
1707,742765.PRJNA46407:2759_2760
1708,742765.PRJNA46407:1136_1137
1709,742765.PRJNA46407:2151_2153
1710,742765.PRJNA46407:3107_3108
1711,742765.PRJNA46407:1367_1368
1712,742765.PRJNA46407:3469_3470
1713,742765.PRJNA46407:3470_3471
1714,742765.PRJNA46407:3445_3447
1715,742765.PRJNA46407:109_111
1716,742765.PRJNA46407:454_455
1717,742765.PRJNA46407:2648_2650
1718,742765.PRJNA46407:3102_3105
1719,742765.PRJNA46407:2640_2642;2642_2645;2645_2646
1720,742765.PRJNA46407:2611_2612;2612_2614
1721,742765.PRJNA46407:2615_2618;2618_2623;2623_2624
1722,742765.PRJNA46407:2626_2628;2628_2629;2630_2633;2636_2639
1723,742765.PRJNA46407:2646_2648
1724,742765.PRJNA46407:2635_2636
1725,742765.PRJNA46407:3098_3101
1726,742765.PRJNA46407:3101_3102
1727,742765.PRJNA46407:2232_2233
1728,742765.PRJNA46407:3097_3098
1729,742765.PRJNA46407:685_687;688_689
1730,742765.PRJNA46407:3287_3289
1731,742765.PRJNA46407:3289_3290
1732,742765.PRJNA46407:764_766
1733,742765.PRJNA46407:766_768
1734,742765.PRJNA46407:769_770
1735,742765.PRJNA46407:440_441;443_445
1736,742765.PRJNA46407:445_446
1737,742765.PRJNA46407:446_448
1738,742765.PRJNA46407:2791_2798
1739,742765.PRJNA46407:2226_2228
1740,742765.PRJNA46407:2228_2229
1741,742765.PRJNA46407:3647_3648
1742,742765.PRJNA46407:2574_2577;2578_2581
1743,742765.PRJNA46407:2585_2587
1744,742765.PRJNA46407:266_269;269_270
1745,742765.PRJNA46407:258_259
1746,742765.PRJNA46407:247_249;249_251
1747,742765.PRJNA46407:251_254
1748,742765.PRJNA46407:245_247
1749,742765.PRJNA46407:3378_3379
1750,742765.PRJNA46407:3397_3398
1751,742765.PRJNA46407:2582_2585
1752,742765.PRJNA46407:3803_3804
1753,742765.PRJNA46407:3055_3056
1754,742765.PRJNA46407:3056_3057
1755,742765.PRJNA46407:2187_2189
1756,742765.PRJNA46407:3639_3640
1757,742765.PRJNA46407:2190_2191;2921_2922
1758,742765.PRJNA46407:1222_1223
1759,742765.PRJNA46407:2051_2054;2054_2055
1760,742765.PRJNA46407:2789_2791
1761,742765.PRJNA46407:1406_1407
1762,742765.PRJNA46407:1241_1242
1763,742765.PRJNA46407:777_778
1764,742765.PRJNA46407:3656_3657
1765,742765.PRJNA46407:146_147
1766,742765.PRJNA46407:3785_3787
1767,411463.PRJNA18159:1165_1166
1768,411463.PRJNA18159:2286_2287
1769,411463.PRJNA18159:1884_1885;1956_1957
1770,411463.PRJNA18159:1883_1884
1771,411463.PRJNA18159:1955_1956
1772,411463.PRJNA18159:1879_1880
1773,411463.PRJNA18159:1499_1500
1774,411463.PRJNA18159:1500_1501
1775,411463.PRJNA18159:1498_1499
1776,411463.PRJNA18159:1523_1524
1777,411463.PRJNA18159:1524_1527
1778,411463.PRJNA18159:2387_2388
1779,411463.PRJNA18159:2388_2389
1780,411463.PRJNA18159:2461_2462
1781,411463.PRJNA18159:317_318;318_319
1782,411463.PRJNA18159:2383_2384
1783,411463.PRJNA18159:2385_2386
1784,411463.PRJNA18159:2384_2385
1785,411463.PRJNA18159:1039_1040
1786,411463.PRJNA18159:2390_2393
1787,411463.PRJNA18159:2393_2394
1788,411463.PRJNA18159:2389_2390
1789,411463.PRJNA18159:720_721
1790,411463.PRJNA18159:1511_1512
1791,411463.PRJNA18159:1512_1513
1792,411463.PRJNA18159:1513_1517
1793,411463.PRJNA18159:1517_1518
1794,411463.PRJNA18159:1518_1519
1795,411463.PRJNA18159:1845_1846
1796,411463.PRJNA18159:1846_1847
1797,411463.PRJNA18159:1844_1845
1798,411463.PRJNA18159:1519_1521
1799,411463.PRJNA18159:1521_1522
1800,411463.PRJNA18159:1507_1508
1801,411463.PRJNA18159:1508_1511
1802,411463.PRJNA18159:1504_1507
1803,411463.PRJNA18159:1522_1523
1804,411463.PRJNA18159:686_687;687_688
1805,411463.PRJNA18159:677_678;678_679;679_685
1806,411463.PRJNA18159:691_692;693_694
1807,411463.PRJNA18159:694_695
1808,411463.PRJNA18159:696_698
1809,411463.PRJNA18159:698_699
1810,411463.PRJNA18159:670_671
1811,411463.PRJNA18159:702_703;703_704;704_705
1812,411463.PRJNA18159:700_701
1813,411463.PRJNA18159:1024_1025
1814,411463.PRJNA18159:1502_1504
1815,411463.PRJNA18159:1501_1502
1816,411463.PRJNA18159:2467_2468
1817,411463.PRJNA18159:523_524
1818,411463.PRJNA18159:243_244;244_245;245_246;247_248;248_249
1819,411463.PRJNA18159:1847_1848
1820,411463.PRJNA18159:1848_1850
1821,411463.PRJNA18159:1928_1934
1822,411463.PRJNA18159:1934_1935
1823,411463.PRJNA18159:1885_1899;1899_1913;1913_1923
1824,411463.PRJNA18159:1948_1955
1825,411463.PRJNA18159:1935_1939
1826,411463.PRJNA18159:1939_1942
1827,411463.PRJNA18159:1923_1928
1828,411463.PRJNA18159:1942_1948
1829,411463.PRJNA18159:424_433
1830,411463.PRJNA18159:718_719
1831,411463.PRJNA18159:417_418;421_422
1832,411463.PRJNA18159:416_417
1833,411463.PRJNA18159:717_718
1834,411463.PRJNA18159:422_423
1835,411463.PRJNA18159:423_424
1836,411463.PRJNA18159:418_421
1837,411463.PRJNA18159:2336_2339
1838,411463.PRJNA18159:1216_1217
1839,717959.PRJNA45913:1077_1078;1078_1081;1081_1084;1084_1087;1087_1090
1840,717959.PRJNA45913:1020_1022;1022_1024
1841,717959.PRJNA45913:1036_1038;1038_1040
1842,717959.PRJNA45913:1872_1873;1873_1874
1843,717959.PRJNA45913:1884_1887;1887_1888
1844,717959.PRJNA45913:3056_3059
1845,717959.PRJNA45913:3059_3060
1846,717959.PRJNA45913:3060_3062
1847,717959.PRJNA45913:3062_3065
1848,717959.PRJNA45913:2328_2329
1849,717959.PRJNA45913:2329_2330
1850,717959.PRJNA45913:2327_2328
1851,717959.PRJNA45913:2330_2331
1852,717959.PRJNA45913:2308_2314;2314_2317;2317_2320;2320_2323;2323_2325;2335_2342;2342_2344;2344_2347;2347_2350;2350_2353;2353_2355;2355_2358;2358_2361;2361_2364;2364_2366
1853,717959.PRJNA45913:2331_2335
1854,717959.PRJNA45913:3737_3740
1855,717959.PRJNA45913:3590_3591;3591_3593
1856,717959.PRJNA45913:3597_3600
1857,717959.PRJNA45913:3600_3601
1858,717959.PRJNA45913:398_402
1859,717959.PRJNA45913:402_403
1860,717959.PRJNA45913:394_395
1861,717959.PRJNA45913:395_398
1862,717959.PRJNA45913:2582_2583
1863,717959.PRJNA45913:2585_2586
1864,717959.PRJNA45913:2238_2241
1865,717959.PRJNA45913:2245_2246
1866,717959.PRJNA45913:991_993;993_995
1867,717959.PRJNA45913:1396_1399
1868,717959.PRJNA45913:3352_3355
1869,717959.PRJNA45913:1450_1451;1453_1454
1870,717959.PRJNA45913:57_59
1871,717959.PRJNA45913:3323_3324;3338_3339
1872,717959.PRJNA45913:882_883;883_885
1873,717959.PRJNA45913:2179_2180
1874,717959.PRJNA45913:1260_1262
1875,717959.PRJNA45913:1262_1263
1876,717959.PRJNA45913:3175_3178;3178_3181;3181_3184;3184_3187;3187_3188
1877,717959.PRJNA45913:3173_3175
1878,717959.PRJNA45913:2695_2697;2697_2700;2700_2703;2703_2704
1879,717959.PRJNA45913:1139_1140
1880,717959.PRJNA45913:67_69;73_74;74_77
1881,717959.PRJNA45913:384_387;387_388
1882,717959.PRJNA45913:373_376;376_379;379_382;382_384
1883,717959.PRJNA45913:0_1;1094_1096
1884,717959.PRJNA45913:389_391;391_392
1885,717959.PRJNA45913:2218_2221;2222_2224;2226_2227;2229_2231;2231_2232
1886,717959.PRJNA45913:1399_1401
1887,717959.PRJNA45913:697_698
1888,717959.PRJNA45913:3340_3341
1889,411469.PRJNA18177:711_712;714_717
1890,411469.PRJNA18177:2836_2842;2842_2846
1891,411469.PRJNA18177:2818_2822
1892,411469.PRJNA18177:2822_2828
1893,411469.PRJNA18177:2816_2817
1894,411469.PRJNA18177:2817_2818
1895,411469.PRJNA18177:2776_2777
1896,411469.PRJNA18177:2857_2862
1897,411469.PRJNA18177:2853_2854
1898,411469.PRJNA18177:2794_2797;2797_2798
1899,411469.PRJNA18177:2805_2806;2806_2807
1900,411469.PRJNA18177:2789_2790;2799_2800;2800_2805
1901,411469.PRJNA18177:2847_2853;2854_2857
1902,411469.PRJNA18177:2778_2780;2781_2786;2786_2787;2792_2793;2793_2794
1903,411469.PRJNA18177:2807_2809
1904,411469.PRJNA18177:2813_2816
1905,411469.PRJNA18177:2777_2778
1906,411469.PRJNA18177:2846_2847
1907,411469.PRJNA18177:2780_2781
1908,411469.PRJNA18177:2788_2789
1909,411469.PRJNA18177:2088_2090;2092_2093
1910,411469.PRJNA18177:2081_2086
1911,411469.PRJNA18177:2086_2088
1912,411469.PRJNA18177:700_701
1913,411469.PRJNA18177:701_702
1914,411469.PRJNA18177:1116_1121;1121_1125
1915,411469.PRJNA18177:1113_1116
1916,411469.PRJNA18177:1125_1126
1917,411469.PRJNA18177:1112_1113
1918,411469.PRJNA18177:1128_1129
1919,411469.PRJNA18177:1137_1138
1920,411469.PRJNA18177:1621_1622;1622_1623
1921,411469.PRJNA18177:692_693;693_694
1922,411469.PRJNA18177:702_703;703_704
1923,411469.PRJNA18177:704_705
1924,411469.PRJNA18177:441_442;442_443
1925,411469.PRJNA18177:36_37
1926,411469.PRJNA18177:1623_1628;1628_1632
1927,411469.PRJNA18177:133_134;517_518;617_618
1928,411469.PRJNA18177:1891_1892
1929,411469.PRJNA18177:142_143
1930,411469.PRJNA18177:2521_2522
1931,411469.PRJNA18177:135_136
1932,411469.PRJNA18177:698_700
1933,411469.PRJNA18177:1632_1634
1934,411469.PRJNA18177:1619_1620
1935,411469.PRJNA18177:1585_1586
1936,411469.PRJNA18177:2080_2081
1937,471875.PRJNA20557:33_34;328_329
1938,471875.PRJNA20557:1143_1144
1939,471875.PRJNA20557:1148_1149
1940,471875.PRJNA20557:1923_1924
1941,471875.PRJNA20557:2330_2331
1942,471875.PRJNA20557:1725_1728;1728_1729
1943,471875.PRJNA20557:2367_2369;2370_2371
1944,471875.PRJNA20557:2366_2367
1945,471875.PRJNA20557:2372_2373
1946,471875.PRJNA20557:1527_1528;1528_1529
1947,471875.PRJNA20557:1531_1532
1948,471875.PRJNA20557:1532_1535
1949,471875.PRJNA20557:1535_1536
1950,471875.PRJNA20557:2491_2492
1951,471875.PRJNA20557:2496_2498
1952,471875.PRJNA20557:1898_1900
1953,471875.PRJNA20557:1900_1901
1954,471875.PRJNA20557:2490_2491
1955,471875.PRJNA20557:2116_2117
1956,471875.PRJNA20557:2117_2119
1957,471875.PRJNA20557:1749_1752
1958,471875.PRJNA20557:1752_1755
1959,471875.PRJNA20557:1755_1758
1960,471875.PRJNA20557:1758_1760
1961,471875.PRJNA20557:1732_1735;1738_1748
1962,471875.PRJNA20557:1736_1737
1963,471875.PRJNA20557:1748_1749
1964,471875.PRJNA20557:1729_1730
1965,471875.PRJNA20557:1737_1738
1966,471875.PRJNA20557:1735_1736
1967,471875.PRJNA20557:2421_2422
1968,471875.PRJNA20557:2424_2425
1969,471875.PRJNA20557:37_42
1970,471875.PRJNA20557:42_47
1971,471875.PRJNA20557:2358_2359
1972,471875.PRJNA20557:636_637;641_642;643_644
1973,471875.PRJNA20557:644_645
1974,471875.PRJNA20557:645_646
1975,471875.PRJNA20557:234_235
1976,471875.PRJNA20557:650_651
1977,471875.PRJNA20557:2051_2052
1978,471875.PRJNA20557:2052_2053
1979,471875.PRJNA20557:156_157
1980,471875.PRJNA20557:157_158
1981,471875.PRJNA20557:158_159
1982,471875.PRJNA20557:1916_1919;1919_1921
1983,471875.PRJNA20557:1913_1914
1984,471875.PRJNA20557:642_643
1985,471875.PRJNA20557:2338_2340
1986,471875.PRJNA20557:2249_2250
1987,471875.PRJNA20557:2250_2251
1988,471875.PRJNA20557:1239_1240;1240_1241
1989,471875.PRJNA20557:50_51;2254_2255
1990,471875.PRJNA20557:48_50
1991,471875.PRJNA20557:54_56
1992,471875.PRJNA20557:56_57
1993,471875.PRJNA20557:57_58
1994,471875.PRJNA20557:58_59
1995,471875.PRJNA20557:147_148;148_149
1996,471875.PRJNA20557:78_80
1997,471875.PRJNA20557:80_81
1998,471875.PRJNA20557:570_571
1999,471875.PRJNA20557:52_53
2000,471875.PRJNA20557:651_654;654_655
2001,471875.PRJNA20557:152_153
2002,471875.PRJNA20557:2621_2622
2003,471875.PRJNA20557:744_745
2004,471875.PRJNA20557:60_61;65_66
2005,471875.PRJNA20557:928_930
2006,471875.PRJNA20557:1530_1531;1710_1711;2353_2354
2007,471875.PRJNA20557:1544_1547;1547_1548
2008,471875.PRJNA20557:1297_1299
2009,471875.PRJNA20557:1831_1832
2010,471875.PRJNA20557:1241_1242
2011,471875.PRJNA20557:1435_1437
2012,471875.PRJNA20557:2344_2350
2013,471875.PRJNA20557:189_192
2014,1069534.PRJNA70721:164_165
2015,1069534.PRJNA70721:165_166
2016,1069534.PRJNA70721:931_937
2017,1069534.PRJNA70721:1623_1624
2018,1069534.PRJNA70721:1624_1626
2019,1069534.PRJNA70721:612_614
2020,1069534.PRJNA70721:105_112
2021,1069534.PRJNA70721:2027_2028
2022,1069534.PRJNA70721:129_133;156_159
2023,1069534.PRJNA70721:1068_1077
2024,1069534.PRJNA70721:1077_1078
2025,1069534.PRJNA70721:340_343
2026,1069534.PRJNA70721:800_801
2027,1069534.PRJNA70721:392_393
2028,1069534.PRJNA70721:2025_2026
2029,1069534.PRJNA70721:576_577
2030,1069534.PRJNA70721:577_579
2031,1069534.PRJNA70721:299_301;301_304
2032,1069534.PRJNA70721:1905_1909
2033,1069534.PRJNA70721:151_152
2034,1069534.PRJNA70721:168_170
2035,1069534.PRJNA70721:381_382;503_504;1753_1754
2036,1069534.PRJNA70721:1671_1672
2037,1069534.PRJNA70721:845_846
2038,1069534.PRJNA70721:1079_1081
2039,1069534.PRJNA70721:128_129;161_162
2040,1069534.PRJNA70721:133_135;159_160
2041,1069534.PRJNA70721:56_58;214_219;471_476;542_545;721_722;857_863;878_879;879_880;903_905;938_941;1197_1199;1278_1279;1443_1445;1523_1524;1553_1560;1863_1865;2012_2017;2028_2033
2042,1069534.PRJNA70721:1403_1404
2043,1069534.PRJNA70721:1877_1879
2044,1069534.PRJNA70721:90_91
2045,1069534.PRJNA70721:163_164
2046,1069534.PRJNA70721:1440_1443
2047,1069534.PRJNA70721:1866_1867
2048,1069534.PRJNA70721:1620_1621
2049,1069534.PRJNA70721:579_583
2050,1069534.PRJNA70721:155_156
2051,1069534.PRJNA70721:1794_1796
2052,1069534.PRJNA70721:1607_1610
2053,1069534.PRJNA70721:592_593
2054,1069534.PRJNA70721:1791_1792
2055,1069534.PRJNA70721:769_770
2056,1069534.PRJNA70721:388_389;390_392
2057,1069534.PRJNA70721:386_387
2058,1069534.PRJNA70721:387_388
2059,1069534.PRJNA70721:389_390
2060,1069534.PRJNA70721:98_99
2061,1262914.PRJEB757:1694_1700;1700_1703
2062,1262914.PRJEB757:418_426
2063,1262914.PRJEB757:1963_1966;2014_2015;2246_2247
2064,1262914.PRJEB757:685_687
2065,1262914.PRJEB757:625_626
2066,1262914.PRJEB757:498_503
2067,1262914.PRJEB757:115_116
2068,1262914.PRJEB757:2035_2036
2069,1262914.PRJEB757:1134_1136;1136_1137
2070,1262914.PRJEB757:648_653;653_654
2071,1262914.PRJEB757:106_109
2072,1262914.PRJEB757:855_856
2073,1262914.PRJEB757:174_178;178_182
2074,1262914.PRJEB757:1161_1166;1166_1169;1461_1462
2075,1262914.PRJEB757:637_638
2076,1262914.PRJEB757:1302_1311;1311_1312
2077,1262914.PRJEB757:890_891;1593_1600
2078,1262914.PRJEB757:142_144
2079,1262914.PRJEB757:1006_1007
2080,1262914.PRJEB757:1664_1668
2081,1262914.PRJEB757:1657_1658
2082,1262914.PRJEB757:334_339;1040_1045;1086_1091
2083,1262914.PRJEB757:1018_1021
2084,1262914.PRJEB757:1000_1001
2085,1262914.PRJEB757:1001_1006
2086,1262914.PRJEB757:912_917
2087,1262914.PRJEB757:1377_1378;1378_1382;1382_1389
2088,1262914.PRJEB757:245_257;404_405
2089,1262914.PRJEB757:451_458
2090,1262914.PRJEB757:900_905
2091,1262914.PRJEB757:229_233;233_239;239_243
2092,1262914.PRJEB757:2138_2143;2145_2148
2093,1262914.PRJEB757:2150_2152
2094,1262914.PRJEB757:91_94
2095,435591.PRJNA13485:3264_3267;3267_3268;3268_3269;3269_3270;3270_3271;3271_3272;3273_3276
2096,435591.PRJNA13485:3622_3623;3623_3624;3624_3625
2097,435591.PRJNA13485:3639_3641
2098,435591.PRJNA13485:3643_3644
2099,435591.PRJNA13485:2595_2598;2609_2610
2100,435591.PRJNA13485:3336_3337;3337_3338;3341_3342
2101,435591.PRJNA13485:3497_3498;3498_3501;3501_3502;3502_3503;3505_3506
2102,435591.PRJNA13485:3112_3113
2103,435591.PRJNA13485:1015_1017
2104,435591.PRJNA13485:1021_1022
2105,435591.PRJNA13485:1011_1012
2106,435591.PRJNA13485:1018_1021
2107,435591.PRJNA13485:1017_1018
2108,435591.PRJNA13485:2522_2528
2109,435591.PRJNA13485:869_870
2110,435591.PRJNA13485:870_874
2111,435591.PRJNA13485:851_852
2112,435591.PRJNA13485:867_868
2113,435591.PRJNA13485:340_342;849_851;2512_2514;2514_2515;4646_4647;4732_4734
2114,435591.PRJNA13485:4734_4735
2115,435591.PRJNA13485:342_343
2116,435591.PRJNA13485:3938_3940
2117,435591.PRJNA13485:858_862;863_867
2118,435591.PRJNA13485:852_858
2119,435591.PRJNA13485:862_863
2120,435591.PRJNA13485:2540_2541
2121,435591.PRJNA13485:2542_2543
2122,435591.PRJNA13485:2516_2519;2519_2521;2532_2534;2534_2535
2123,435591.PRJNA13485:2521_2522
2124,435591.PRJNA13485:2543_2544
2125,435591.PRJNA13485:2544_2545
2126,435591.PRJNA13485:2505_2507;2509_2512
2127,435591.PRJNA13485:2507_2508
2128,435591.PRJNA13485:2547_2548
2129,435591.PRJNA13485:2545_2547
2130,435591.PRJNA13485:3905_3908
2131,435591.PRJNA13485:3908_3909
2132,435591.PRJNA13485:2590_2592
2133,435591.PRJNA13485:2593_2594
2134,435591.PRJNA13485:2589_2590
2135,435591.PRJNA13485:2592_2593
2136,435591.PRJNA13485:2613_2614;2616_2617;3923_3930
2137,435591.PRJNA13485:2617_2618
2138,435591.PRJNA13485:2623_2630;3940_3946
2139,435591.PRJNA13485:2619_2621;3931_3932
2140,435591.PRJNA13485:3946_3947
2141,435591.PRJNA13485:3930_3931
2142,435591.PRJNA13485:4714_4717;4717_4720;4720_4723;4723_4726;4726_4729;4729_4732
2143,435591.PRJNA13485:4703_4706
2144,435591.PRJNA13485:4706_4708
2145,435591.PRJNA13485:4708_4714
2146,435591.PRJNA13485:4735_4737
2147,435591.PRJNA13485:1459_1461;1461_1464
2148,435591.PRJNA13485:3823_3824;3826_3827;3827_3828;3829_3830
2149,435591.PRJNA13485:887_888
2150,411489.PRJNA18211:653_656;662_682
2151,411489.PRJNA18211:2833_2834;2835_2836;2836_2837
2152,411489.PRJNA18211:1472_1476;1482_1483;1497_1498;1512_1520
2153,411489.PRJNA18211:2767_2771
2154,411489.PRJNA18211:2771_2773
2155,411489.PRJNA18211:1578_1579
2156,411489.PRJNA18211:1375_1377
2157,411489.PRJNA18211:1568_1574
2158,411489.PRJNA18211:2953_2954
2159,411489.PRJNA18211:2271_2272
2160,411489.PRJNA18211:2272_2280
2161,411489.PRJNA18211:2282_2284
2162,411489.PRJNA18211:2284_2285
2163,411489.PRJNA18211:1563_1565
2164,411489.PRJNA18211:2290_2293
2165,411489.PRJNA18211:2293_2299
2166,411489.PRJNA18211:2886_2888;2888_2889
2167,411489.PRJNA18211:2310_2319;2889_2895
2168,411489.PRJNA18211:2299_2309
2169,411489.PRJNA18211:1557_1559
2170,411489.PRJNA18211:1561_1563
2171,411489.PRJNA18211:1370_1371
2172,411489.PRJNA18211:1371_1373
2173,568816.PRJNA32215:1358_1365;1367_1370;1370_1371;1376_1377;1378_1379
2174,568816.PRJNA32215:1375_1376
2175,568816.PRJNA32215:1389_1390
2176,568816.PRJNA32215:2310_2311;2311_2312;2312_2313
2177,568816.PRJNA32215:1885_1886;1887_1888
2178,568816.PRJNA32215:12_13;254_256;268_269;360_362;837_838;1029_1031;1448_1449;1603_1604;1622_1623;2085_2086;2161_2162;2192_2193;2376_2377;2401_2402;2406_2407
2179,568816.PRJNA32215:1396_1398;1398_1399
2180,568816.PRJNA32215:1343_1344;1345_1347
2181,568816.PRJNA32215:1338_1341
2182,568816.PRJNA32215:1341_1343
2183,568816.PRJNA32215:1347_1348
2184,568816.PRJNA32215:1348_1350
2185,568816.PRJNA32215:1344_1345
2186,568816.PRJNA32215:2298_2299;2299_2300;2300_2301;2301_2303
2187,568816.PRJNA32215:16_17;121_122;124_125;392_393;395_396
2188,568816.PRJNA32215:1540_1541
2189,568816.PRJNA32215:1003_1004
2190,568816.PRJNA32215:703_707
2191,568816.PRJNA32215:707_708
2192,568816.PRJNA32215:702_703
2193,568816.PRJNA32215:708_714
2194,568816.PRJNA32215:1890_1892;1892_1899;1953_1955;1955_1957
2195,568816.PRJNA32215:1988_1990;2001_2003;2003_2004
2196,568816.PRJNA32215:1987_1988
2197,568816.PRJNA32215:1957_1964;1964_1965;1971_1973;1977_1978;1978_1980;1980_1981;1983_1987;1998_2000;2000_2001
2198,568816.PRJNA32215:1973_1974
2199,568816.PRJNA32215:1991_1998
2200,411901.PRJNA18163:669_670
2201,411901.PRJNA18163:671_672
2202,411901.PRJNA18163:1937_1941
2203,411901.PRJNA18163:1941_1947
2204,411901.PRJNA18163:1935_1937
2205,411901.PRJNA18163:2518_2519;2519_2521
2206,411901.PRJNA18163:4191_4192;4192_4193;4193_4194;4194_4195;4195_4196;4196_4197;4197_4198;4198_4199;4199_4200;4200_4201;4201_4202;4202_4203;4203_4204;4204_4205
2207,411901.PRJNA18163:2379_2380;2380_2381
2208,411901.PRJNA18163:3311_3312;3312_3313;3313_3315;3315_3316;3316_3317;3317_3319;3319_3320;3320_3321;3321_3322;3322_3323;3323_3324;3324_3325;3325_3326;3326_3327;3327_3328
2209,411901.PRJNA18163:3058_3059;3059_3060;3060_3062;3062_3064;3064_3065
2210,411901.PRJNA18163:278_279
2211,411901.PRJNA18163:1164_1165
2212,411901.PRJNA18163:2748_2749
2213,411901.PRJNA18163:2995_2997;2997_2999;2999_3001
2214,411901.PRJNA18163:3206_3207;3207_3208
2215,411901.PRJNA18163:3199_3200;3200_3202;3202_3203;3203_3204;3204_3205
2216,411901.PRJNA18163:1992_1998
2217,411901.PRJNA18163:1998_1999
2218,411901.PRJNA18163:1990_1991
2219,411901.PRJNA18163:632_633;633_634;634_635
2220,411901.PRJNA18163:1960_1961;1961_1962
2221,411901.PRJNA18163:2253_2254
2222,411901.PRJNA18163:1989_1990
2223,411901.PRJNA18163:2794_2796;2797_2798;2798_2799;2799_2800;2800_2801;2801_2802
2224,411901.PRJNA18163:3216_3218;3218_3221;3221_3222
2225,411901.PRJNA18163:2512_2513
2226,411901.PRJNA18163:1788_1793
2227,411901.PRJNA18163:1793_1794
2228,411901.PRJNA18163:55_62;62_63
2229,411901.PRJNA18163:53_55;63_64
2230,411901.PRJNA18163:1784_1785
2231,411901.PRJNA18163:64_65;65_66;66_67;67_68
2232,411901.PRJNA18163:48_52;52_53
2233,411901.PRJNA18163:1787_1788
2234,411901.PRJNA18163:1785_1786
2235,411901.PRJNA18163:148_149;149_150;150_157;157_160;192_193;193_194;194_195;195_196;196_197;197_198;198_199;199_200;200_201;201_202;202_203;203_204;204_205;205_206;206_207;207_209;209_211;211_212;212_213;213_214;214_215;215_216;216_217;217_218;218_219;220_221;221_222;222_223;223_224;224_225;227_228;228_229
2236,411901.PRJNA18163:33_34
2237,411901.PRJNA18163:0_1;831_832;1626_1628
2238,411901.PRJNA18163:3423_3426
2239,411901.PRJNA18163:3426_3427
2240,411901.PRJNA18163:948_949
2241,411901.PRJNA18163:4270_4271
2242,411901.PRJNA18163:4077_4078;4078_4079;4079_4081;4081_4083
2243,411901.PRJNA18163:965_966
2244,411901.PRJNA18163:3441_3442;3443_3444
2245,411901.PRJNA18163:3432_3441;3444_3453
2246,411901.PRJNA18163:3442_3443
2247,411901.PRJNA18163:3431_3432
2248,411901.PRJNA18163:1717_1718
2249,411901.PRJNA18163:1718_1719
2250,411901.PRJNA18163:1713_1714
2251,411901.PRJNA18163:1715_1716
2252,411901.PRJNA18163:1714_1715
2253,411901.PRJNA18163:1712_1713
2254,411901.PRJNA18163:1245_1246;1246_1247;1247_1248;1248_1249;1249_1250;1250_1251;1251_1253;1253_1254;1254_1265;1270_1271;1271_1272
2255,411901.PRJNA18163:1646_1647;1648_1649;1649_1650;1650_1651;1654_1655;1655_1656;1656_1657
2256,411901.PRJNA18163:1964_1965;1965_1966;3422_3423;3903_3904
2257,411901.PRJNA18163:2821_2822;2952_2953;2953_2954;2954_2955;2955_2956
2258,411901.PRJNA18163:673_676
2259,411901.PRJNA18163:677_678
2260,411901.PRJNA18163:676_677
2261,411901.PRJNA18163:2765_2766;2766_2767;2768_2769
2262,411901.PRJNA18163:3791_3792;3793_3794
2263,411901.PRJNA18163:1336_1337
2264,411901.PRJNA18163:2726_2730;2730_2731;2735_2736;3235_3236
2265,411901.PRJNA18163:3236_3238
2266,411901.PRJNA18163:3679_3680;3680_3681
2267,411901.PRJNA18163:190_191;744_749;1678_1679;1679_1682;3564_3565;3566_3568;3568_3569;3662_3666
2268,411901.PRJNA18163:1934_1935
2269,411901.PRJNA18163:2827_2832
2270,411901.PRJNA18163:530_532;1370_1371;1371_1372;2435_2436;2436_2437;2623_2625;3453_3455
2271,411901.PRJNA18163:518_520
2272,411901.PRJNA18163:1541_1542
2273,411901.PRJNA18163:3760_3763
2274,411901.PRJNA18163:1535_1536
2275,1118061.PRJEA82085:2581_2582;2582_2583
2276,1118061.PRJEA82085:2586_2589
2277,1118061.PRJEA82085:2583_2584
2278,1118061.PRJEA82085:2070_2071
2279,1118061.PRJEA82085:2071_2072
2280,1118061.PRJEA82085:2063_2064
2281,1118061.PRJEA82085:2769_2770;2772_2774
2282,1118061.PRJEA82085:2762_2767
2283,1118061.PRJEA82085:2767_2769;2770_2772;2774_2780;2780_2781
2284,1118061.PRJEA82085:2781_2782
2285,1118061.PRJEA82085:2729_2735;2738_2745;2754_2762
2286,1118061.PRJEA82085:2748_2754
2287,1118061.PRJEA82085:2735_2738
2288,1118061.PRJEA82085:2745_2748
2289,1118061.PRJEA82085:2685_2729;2782_2895
2290,1118061.PRJEA82085:2313_2314;2314_2315
2291,1118061.PRJEA82085:1874_1875
2292,1118061.PRJEA82085:1920_1921
2293,657318.PRJNA39159:1114_1115;1115_1116;1116_1117;1117_1118
2294,657318.PRJNA39159:394_395;395_396;396_397
2295,657318.PRJNA39159:1971_1972;1972_1973;1973_1974;1974_1975
2296,657318.PRJNA39159:922_923;923_924
2297,657318.PRJNA39159:2253_2254;2254_2255
2298,657318.PRJNA39159:2229_2230;2231_2232;2232_2233;2235_2236;2237_2238;2238_2239;2239_2240;2240_2241;2243_2244;2244_2245;2246_2247;2247_2248;2249_2250;2250_2251;2251_2252;2252_2253;2255_2256;2257_2258;2258_2259;2259_2260;2260_2261;2261_2262
2299,657318.PRJNA39159:2242_2243
2300,657318.PRJNA39159:2282_2283
2301,657318.PRJNA39159:1150_1151;1151_1152;1153_1154;1154_1155;2454_2455
2302,657318.PRJNA39159:2940_2941;2941_2942;2943_2944;2944_2945
2303,657318.PRJNA39159:2945_2946
2304,657318.PRJNA39159:1161_1162;1162_1163
2305,657318.PRJNA39159:1165_1166;3343_3344;3344_3345
2306,657318.PRJNA39159:1169_1170
2307,657318.PRJNA39159:1168_1169
2308,657318.PRJNA39159:2939_2940
2309,657318.PRJNA39159:1969_1970;1970_1971
2310,657318.PRJNA39159:474_475;475_476;476_477
2311,657318.PRJNA39159:3147_3148;3148_3149
2312,657318.PRJNA39159:2962_2963;2963_2964
2313,657318.PRJNA39159:2965_2966
2314,657318.PRJNA39159:2958_2959;2959_2960;2960_2961
2315,657318.PRJNA39159:2950_2951;2951_2952;2952_2953
2316,657318.PRJNA39159:2953_2954;2954_2955;2955_2956;2956_2957;2957_2958
2317,657318.PRJNA39159:3340_3341
2318,657318.PRJNA39159:2948_2949
2319,657318.PRJNA39159:3034_3035;3035_3036
2320,657318.PRJNA39159:3036_3037
2321,657318.PRJNA39159:408_409;409_410;410_411
2322,657318.PRJNA39159:404_405;405_406
2323,657318.PRJNA39159:0_1;1_2;3_4;4_5;5_6;1074_1075;1713_1714;2651_2652;3105_3106
2324,657318.PRJNA39159:281_282
2325,657318.PRJNA39159:1828_1829
2326,657318.PRJNA39159:1227_1228
2327,657318.PRJNA39159:1903_1904
2328,657318.PRJNA39159:1105_1106;1106_1107
2329,657318.PRJNA39159:1103_1104;1104_1105
2330,657318.PRJNA39159:1108_1109
2331,657318.PRJNA39159:1125_1126;1126_1130;1132_1133;1133_1134
2332,657318.PRJNA39159:1130_1131;1131_1132
2333,657318.PRJNA39159:776_777;777_778;778_779;779_780
2334,657318.PRJNA39159:743_744;744_745
2335,657318.PRJNA39159:746_747;747_748;748_749;749_750;751_752;752_753;753_754;755_756;756_757;757_758;758_759;759_760;760_761;761_762;762_763;763_764;765_766;766_767;767_768
2336,657318.PRJNA39159:740_741;741_742;742_743
2337,657318.PRJNA39159:3032_3033;3033_3034
2338,657318.PRJNA39159:3027_3028;3028_3029;3029_3030;3030_3031
2339,657318.PRJNA39159:3031_3032
2340,515620.PRJNA29073:1816_1817
2341,515620.PRJNA29073:1817_1818
2342,515620.PRJNA29073:1818_1819
2343,515620.PRJNA29073:228_229;1822_1824
2344,515620.PRJNA29073:229_230
2345,515620.PRJNA29073:110_114
2346,515620.PRJNA29073:217_222
2347,515620.PRJNA29073:222_223
2348,515620.PRJNA29073:1729_1730
2349,515620.PRJNA29073:1730_1731
2350,515620.PRJNA29073:1723_1727
2351,515620.PRJNA29073:1727_1728
2352,515620.PRJNA29073:1728_1729
2353,515620.PRJNA29073:16_17;18_21;320_321;321_322;335_336;417_418;698_699;701_702;873_874;876_878;2027_2029;2030_2031
2354,515620.PRJNA29073:1718_1722;1722_1723
2355,515620.PRJNA29073:1574_1579
2356,515620.PRJNA29073:1564_1569
2357,515620.PRJNA29073:425_426
2358,515620.PRJNA29073:356_358
2359,515620.PRJNA29073:1570_1573
2360,515620.PRJNA29073:1825_1826
2361,515620.PRJNA29073:424_425
2362,515620.PRJNA29073:1858_1864
2363,515620.PRJNA29073:423_424
2364,515620.PRJNA29073:1939_1940
2365,515620.PRJNA29073:1851_1852;1855_1857
2366,515620.PRJNA29073:1597_1598
2367,515620.PRJNA29073:1806_1808
2368,515620.PRJNA29073:1156_1157
2369,1680.PRJNA240293:1882_1883;1885_1886;1886_1887
2370,1680.PRJNA240293:1905_1906
2371,1680.PRJNA240293:124_125
2372,1680.PRJNA240293:422_423
2373,1680.PRJNA240293:1769_1770
2374,657309.PRJNA39177:4897_4899
2375,657309.PRJNA39177:4899_4904
2376,657309.PRJNA39177:4916_4917
2377,657309.PRJNA39177:4917_4918
2378,657309.PRJNA39177:4866_4868
2379,657309.PRJNA39177:4881_4882
2380,657309.PRJNA39177:4907_4916
2381,657309.PRJNA39177:4574_4578
2382,657309.PRJNA39177:4579_4580
2383,657309.PRJNA39177:4582_4584
2384,657309.PRJNA39177:4585_4587
2385,657309.PRJNA39177:3220_3221
2386,657309.PRJNA39177:3222_3223
2387,657309.PRJNA39177:3223_3224
2388,657309.PRJNA39177:3224_3226
2389,657309.PRJNA39177:5087_5088
2390,657309.PRJNA39177:5974_5975
2391,657309.PRJNA39177:3059_3060;3060_3065;3071_3072
2392,657309.PRJNA39177:3055_3056
2393,657309.PRJNA39177:3072_3073
2394,657309.PRJNA39177:4998_5001
2395,657309.PRJNA39177:5001_5002
2396,657309.PRJNA39177:5017_5018
2397,657309.PRJNA39177:5018_5019
2398,657309.PRJNA39177:5019_5026
2399,657309.PRJNA39177:5026_5027
2400,657309.PRJNA39177:5027_5041
2401,657309.PRJNA39177:5042_5047
2402,657309.PRJNA39177:4227_4249;4256_4259;4260_4279
2403,657309.PRJNA39177:4252_4256
2404,657309.PRJNA39177:4259_4260
2405,657309.PRJNA39177:4250_4252
2406,657309.PRJNA39177:1618_1619;1621_1622;1622_1633
2407,657309.PRJNA39177:2433_2434;2434_2435
2408,657309.PRJNA39177:2432_2433
2409,657309.PRJNA39177:2292_2295;2295_2296;2299_2300
2410,657309.PRJNA39177:3123_3126
2411,657309.PRJNA39177:4757_4758
2412,657309.PRJNA39177:5629_5630
2413,657309.PRJNA39177:957_958;958_959
2414,657309.PRJNA39177:638_641
2415,657309.PRJNA39177:3046_3048;3377_3380
2416,657309.PRJNA39177:3041_3043;3043_3045;3050_3052
2417,657309.PRJNA39177:4765_4766;4768_4769
2418,657309.PRJNA39177:4649_4651
2419,657309.PRJNA39177:4663_4664
2420,657309.PRJNA39177:4648_4649
2421,657309.PRJNA39177:4651_4654
2422,657309.PRJNA39177:4665_4670
